artist_name,track_name,genres,followers,popularity,duration,release_date,danceability,energy,speechiness,acousticness,instrumentalness,liveness,valence,tempo,track_genre
Drake,Rich Flex,"['canadian hip hop', 'canadian pop', 'hip hop', 'rap', 'toronto rap']",73637899,91,239.359,2022-11-04,0.561,0.52,0.244,0.0503,1.86e-06,0.355,0.424,153.15,hip hop
Drake,Jimmy Cooks (feat. 21 Savage),"['canadian hip hop', 'canadian pop', 'hip hop', 'rap', 'toronto rap']",73637899,88,218.364,2022-06-17,0.529,0.673,0.175,0.000307,2.41e-06,0.093,0.366,165.921,hip hop
Drake,One Dance,"['canadian hip hop', 'canadian pop', 'hip hop', 'rap', 'toronto rap']",73637899,86,173.986,2016-05-06,0.792,0.625,0.0536,0.00776,0.0018,0.329,0.37,103.967,hip hop
Drake,WAIT FOR U (feat. Drake & Tems),"['canadian hip hop', 'canadian pop', 'hip hop', 'rap', 'toronto rap']",73637899,86,189.893,2022-04-29,0.463,0.642,0.34,0.314,0.0,0.0686,0.339,83.389,hip hop
Drake,God's Plan,"['canadian hip hop', 'canadian pop', 'hip hop', 'rap', 'toronto rap']",73637899,85,198.973,2018-06-29,0.754,0.449,0.109,0.0332,8.29e-05,0.552,0.357,77.169,hip hop
Drake,Spin Bout U,"['canadian hip hop', 'canadian pop', 'hip hop', 'rap', 'toronto rap']",73637899,83,214.588,2022-11-04,0.773,0.701,0.0512,0.01,0.0,0.163,0.203,129.963,hip hop
Drake,Passionfruit,"['canadian hip hop', 'canadian pop', 'hip hop', 'rap', 'toronto rap']",73637899,83,298.94,2017-03-18,0.809,0.463,0.0396,0.256,0.085,0.109,0.364,111.98,hip hop
Drake,Fair Trade (with Travis Scott),"['canadian hip hop', 'canadian pop', 'hip hop', 'rap', 'toronto rap']",73637899,82,291.175,2021-09-03,0.666,0.465,0.26,0.0503,0.0,0.215,0.292,167.937,hip hop
Drake,Knife Talk (with 21 Savage ft. Project Pat),"['canadian hip hop', 'canadian pop', 'hip hop', 'rap', 'toronto rap']",73637899,82,242.965,2021-09-03,0.849,0.424,0.324,0.0635,0.0,0.0834,0.153,145.887,hip hop
Drake,Wants and Needs (feat. Lil Baby),"['canadian hip hop', 'canadian pop', 'hip hop', 'rap', 'toronto rap']",73637899,82,192.956,2021-03-05,0.578,0.449,0.286,0.0618,2.17e-06,0.119,0.1,136.006,hip hop
21 Savage,Creepin' (with The Weeknd & 21 Savage),"['atl hip hop', 'rap']",13238534,96,221.52,2022-12-02,0.715,0.62,0.0484,0.417,0.0,0.0822,0.172,97.95,hip hop
21 Savage,Rich Flex,"['atl hip hop', 'rap']",13238534,91,239.359,2022-11-04,0.561,0.52,0.244,0.0503,1.86e-06,0.355,0.424,153.15,hip hop
21 Savage,Jimmy Cooks (feat. 21 Savage),"['atl hip hop', 'rap']",13238534,88,218.364,2022-06-17,0.529,0.673,0.175,0.000307,2.41e-06,0.093,0.366,165.921,hip hop
21 Savage,Glock In My Lap,"['atl hip hop', 'rap']",13238534,86,193.591,2020-10-02,0.847,0.733,0.16,0.00574,1.04e-05,0.151,0.202,130.029,hip hop
21 Savage,Niagara Falls (Foot or 2) [with Travis Scott & 21 Savage],"['atl hip hop', 'rap']",13238534,84,207.306,2022-12-02,0.671,0.658,0.309,0.189,8.66e-05,0.147,0.257,87.933,hip hop
21 Savage,Spin Bout U,"['atl hip hop', 'rap']",13238534,83,214.588,2022-11-04,0.773,0.701,0.0512,0.01,0.0,0.163,0.203,129.963,hip hop
21 Savage,Knife Talk (with 21 Savage ft. Project Pat),"['atl hip hop', 'rap']",13238534,82,242.965,2021-09-03,0.849,0.424,0.324,0.0635,0.0,0.0834,0.153,145.887,hip hop
21 Savage,a lot,"['atl hip hop', 'rap']",13238534,81,288.624,2018-12-21,0.837,0.636,0.086,0.0395,0.00125,0.342,0.274,145.972,hip hop
21 Savage,Runnin,"['atl hip hop', 'rap']",13238534,82,195.906,2020-10-02,0.819,0.626,0.202,0.00748,0.101,0.167,0.415,143.01,hip hop
21 Savage,Pussy & Millions (feat. Travis Scott),"['atl hip hop', 'rap']",13238534,81,242.026,2022-11-04,0.749,0.63,0.116,0.0623,0.0,0.353,0.445,122.03,hip hop
Future,Superhero (Heroes & Villains) [with Future & Chris Brown],"['atl hip hop', 'rap', 'southern hip hop', 'trap']",13494441,90,182.666,2022-12-02,0.526,0.606,0.259,0.152,2.36e-06,0.194,0.492,116.622,hip hop
Future,WAIT FOR U (feat. Drake & Tems),"['atl hip hop', 'rap', 'southern hip hop', 'trap']",13494441,86,189.893,2022-04-29,0.463,0.642,0.34,0.314,0.0,0.0686,0.339,83.389,hip hop
Future,Too Many Nights (feat. Don Toliver & with Future),"['atl hip hop', 'rap', 'southern hip hop', 'trap']",13494441,85,199.92,2022-12-02,0.684,0.671,0.0464,0.189,2.37e-05,0.122,0.156,88.048,hip hop
Future,Private Landing (feat. Justin Bieber & Future),"['atl hip hop', 'rap', 'southern hip hop', 'trap']",13494441,84,238.253,2023-02-24,0.843,0.669,0.0639,0.0846,1.28e-05,0.105,0.435,136.979,hip hop
Future,Mask Off,"['atl hip hop', 'rap', 'southern hip hop', 'trap']",13494441,82,204.6,2017-06-30,0.833,0.434,0.431,0.0102,0.0219,0.165,0.281,150.062,hip hop
Future,Solo,"['atl hip hop', 'rap', 'southern hip hop', 'trap']",13494441,81,265.996,2017-07-27,0.784,0.486,0.0475,0.0538,0.497,0.101,0.0894,110.964,hip hop
Future,PUFFIN ON ZOOTIEZ,"['atl hip hop', 'rap', 'southern hip hop', 'trap']",13494441,80,172.933,2022-04-29,0.883,0.657,0.305,0.0603,0.0,0.128,0.284,124.992,hip hop
Future,Life Is Good (feat. Drake),"['atl hip hop', 'rap', 'southern hip hop', 'trap']",13494441,72,237.918,2020-05-15,0.795,0.574,0.487,0.067,0.0,0.15,0.537,142.053,hip hop
Future,Mbapp√© - Remix,"['atl hip hop', 'rap', 'southern hip hop', 'trap']",13494441,75,237.344,2023-03-17,0.729,0.68,0.0762,0.219,0.0,0.246,0.504,130.019,hip hop
Future,Turn On The Lights again.. (feat. Future),"['atl hip hop', 'rap', 'southern hip hop', 'trap']",13494441,64,267.946,2022-01-17,0.683,0.887,0.0497,0.0125,0.446,0.318,0.551,132.007,hip hop
Lil Baby,Freestyle,"['atl hip hop', 'atl trap', 'rap', 'trap']",13586820,85,162.053,2017-12-01,0.877,0.517,0.0706,0.217,0.0,0.143,0.255,119.996,hip hop
Lil Baby,Drip Too Hard (Lil Baby & Gunna),"['atl hip hop', 'atl trap', 'rap', 'trap']",13586820,84,145.542,2018-10-05,0.897,0.662,0.292,0.0852,0.0,0.534,0.389,112.511,hip hop
Lil Baby,Pure Cocaine,"['atl hip hop', 'atl trap', 'rap', 'trap']",13586820,82,154.023,2018-11-30,0.964,0.487,0.421,0.00127,6.57e-06,0.115,0.107,127.05,hip hop
Lil Baby,Wants and Needs (feat. Lil Baby),"['atl hip hop', 'atl trap', 'rap', 'trap']",13586820,82,192.956,2021-03-05,0.578,0.449,0.286,0.0618,2.17e-06,0.119,0.1,136.006,hip hop
Lil Baby,Yes Indeed,"['atl hip hop', 'atl trap', 'rap', 'trap']",13586820,82,142.273,2018-05-18,0.963,0.346,0.53,0.0355,0.0,0.108,0.562,119.957,hip hop
Lil Baby,Low Down,"['atl hip hop', 'atl trap', 'rap', 'trap']",13586820,78,144.651,2020-05-01,0.962,0.619,0.405,0.0354,0.0,0.083,0.154,127.958,hip hop
Lil Baby,Baby (Lil Baby feat. DaBaby),"['atl hip hop', 'atl trap', 'rap', 'trap']",13586820,76,142.417,2019-08-16,0.97,0.463,0.366,0.0957,0.0,0.151,0.46,108.003,hip hop
Lil Baby,Forever (feat. Fridayy),"['atl hip hop', 'atl trap', 'rap', 'trap']",13586820,77,167.977,2022-10-14,0.462,0.251,0.159,0.414,0.0,0.201,0.137,89.705,hip hop
Lil Baby,On Me,"['atl hip hop', 'atl trap', 'rap', 'trap']",13586820,77,135.959,2020-12-04,0.856,0.564,0.392,0.00327,0.0,0.134,0.483,77.972,hip hop
Lil Baby,Girls Want Girls (with Lil Baby),"['atl hip hop', 'atl trap', 'rap', 'trap']",13586820,77,221.979,2021-09-03,0.767,0.438,0.29,0.181,0.0,0.142,0.381,86.975,hip hop
Kendrick Lamar,Money Trees,"['conscious hip hop', 'hip hop', 'rap', 'west coast rap']",23441872,81,386.906,2012,0.716,0.531,0.122,0.0703,0.0,0.224,0.344,71.994,hip hop
Kendrick Lamar,family ties (with Kendrick Lamar),"['conscious hip hop', 'hip hop', 'rap', 'west coast rap']",23441872,81,252.262,2021-09-10,0.711,0.611,0.33,0.00588,0.0,0.23,0.144,134.093,hip hop
Kendrick Lamar,All The Stars (with SZA),"['conscious hip hop', 'hip hop', 'rap', 'west coast rap']",23441872,84,232.186,2018-02-09,0.698,0.633,0.0597,0.0605,0.000194,0.0926,0.552,96.924,hip hop
Kendrick Lamar,HUMBLE.,"['conscious hip hop', 'hip hop', 'rap', 'west coast rap']",23441872,84,177.0,2017-04-14,0.908,0.621,0.102,0.000282,5.39e-05,0.0958,0.421,150.011,hip hop
Kendrick Lamar,LOVE. FEAT. ZACARI.,"['conscious hip hop', 'hip hop', 'rap', 'west coast rap']",23441872,83,213.4,2017-04-14,0.8,0.585,0.0924,0.264,0.0,0.153,0.779,126.058,hip hop
Kendrick Lamar,PRIDE.,"['conscious hip hop', 'hip hop', 'rap', 'west coast rap']",23441872,82,275.253,2017-04-14,0.665,0.535,0.0572,0.0786,1.68e-05,0.154,0.37,138.842,hip hop
Kendrick Lamar,Pray For Me,"['conscious hip hop', 'hip hop', 'rap', 'west coast rap']",23441872,80,211.42,2021-02-05,0.732,0.678,0.0886,0.0867,2.41e-05,0.112,0.196,100.626,hip hop
Kendrick Lamar,Alright,"['conscious hip hop', 'hip hop', 'rap', 'west coast rap']",23441872,81,219.333,2015-03-16,0.796,0.766,0.238,0.0742,0.0,0.0827,0.558,110.034,hip hop
Kendrick Lamar,N95,"['conscious hip hop', 'hip hop', 'rap', 'west coast rap']",23441872,81,195.95,2022-05-13,0.79,0.67,0.105,0.377,2.32e-06,0.119,0.408,139.956,hip hop
Kendrick Lamar,DNA.,"['conscious hip hop', 'hip hop', 'rap', 'west coast rap']",23441872,80,185.946,2017-04-14,0.638,0.523,0.357,0.00454,0.0,0.0842,0.422,139.913,hip hop
J. Cole,No Role Modelz,"['conscious hip hop', 'hip hop', 'north carolina hip hop', 'rap']",19688415,89,292.799,2014-12-09,0.69,0.521,0.339,0.324,0.0,0.0534,0.494,100.028,hip hop
J. Cole,on the street (with J. Cole),"['conscious hip hop', 'hip hop', 'north carolina hip hop', 'rap']",19688415,89,214.701,2023-03-03,0.681,0.821,0.131,0.532,0.00111,0.0921,0.813,94.074,hip hop
J. Cole,Wet Dreamz,"['conscious hip hop', 'hip hop', 'north carolina hip hop', 'rap']",19688415,84,239.266,2014-12-09,0.495,0.722,0.357,0.0697,0.0,0.113,0.539,175.627,hip hop
J. Cole,MIDDLE CHILD,"['conscious hip hop', 'hip hop', 'north carolina hip hop', 'rap']",19688415,82,213.593,2019-01-23,0.837,0.364,0.276,0.149,0.0,0.271,0.463,123.984,hip hop
J. Cole,Work Out,"['conscious hip hop', 'hip hop', 'north carolina hip hop', 'rap']",19688415,81,235.32,2011-09-27,0.831,0.427,0.106,0.0531,0.0,0.307,0.216,93.004,hip hop
J. Cole,She Knows (feat. Amber Coffman & Cults),"['conscious hip hop', 'hip hop', 'north carolina hip hop', 'rap']",19688415,79,296.52,2013-06-18,0.766,0.74,0.0807,0.0193,0.0784,0.229,0.183,118.008,hip hop
J. Cole,m y . l i f e (with 21 Savage & Morray),"['conscious hip hop', 'hip hop', 'north carolina hip hop', 'rap']",19688415,79,218.801,2021-05-14,0.597,0.587,0.137,0.0622,0.0,0.214,0.0753,140.021,hip hop
J. Cole,Power Trip (feat. Miguel),"['conscious hip hop', 'hip hop', 'north carolina hip hop', 'rap']",19688415,77,241.16,2013-06-18,0.667,0.608,0.216,0.324,0.000198,0.426,0.475,99.992,hip hop
J. Cole,Love Yourz,"['conscious hip hop', 'hip hop', 'north carolina hip hop', 'rap']",19688415,77,211.496,2014-12-09,0.677,0.638,0.333,0.589,0.0,0.193,0.435,82.81,hip hop
J. Cole,p r i d e . i s . t h e . d e v i l (with Lil Baby),"['conscious hip hop', 'hip hop', 'north carolina hip hop', 'rap']",19688415,76,218.21,2021-05-14,0.861,0.656,0.425,0.104,0.0,0.0986,0.331,88.967,hip hop
"Tyler, The Creator",See You Again (feat. Kali Uchis),"['hip hop', 'rap']",10881769,85,180.386,2017-07-21,0.558,0.559,0.0959,0.371,7.49e-06,0.109,0.62,78.558,hip hop
"Tyler, The Creator",DOGTOOTH,"['hip hop', 'rap']",10881769,73,161.041,2023-03-31,0.706,0.648,0.324,0.505,0.0,0.215,0.802,77.533,hip hop
"Tyler, The Creator",NEW MAGIC WAND,"['hip hop', 'rap']",10881769,82,195.32,2019-05-17,0.621,0.73,0.107,0.0967,0.000131,0.673,0.464,139.566,hip hop
"Tyler, The Creator",EARFQUAKE,"['hip hop', 'rap']",10881769,81,190.066,2019-05-17,0.554,0.498,0.0685,0.23,5.98e-06,0.795,0.413,79.635,hip hop
"Tyler, The Creator",BEST INTEREST,"['hip hop', 'rap']",10881769,81,127.921,2020-01-25,0.596,0.575,0.0514,0.0861,0.000153,0.334,0.34,98.265,hip hop
"Tyler, The Creator",ARE WE STILL FRIENDS?,"['hip hop', 'rap']",10881769,80,265.48,2019-05-17,0.216,0.497,0.0371,0.128,2.39e-06,0.111,0.313,187.308,hip hop
"Tyler, The Creator",She,"['hip hop', 'rap']",10881769,75,253.386,2011-05-09,0.35,0.621,0.233,0.256,3.44e-05,0.613,0.459,83.375,hip hop
"Tyler, The Creator",WUSYANAME (feat. Youngboy Never Broke Again & Ty Dolla $ign),"['hip hop', 'rap']",10881769,76,121.572,2021-06-25,0.493,0.653,0.0466,0.269,0.0,0.511,0.852,142.347,hip hop
"Tyler, The Creator",SORRY NOT SORRY,"['hip hop', 'rap']",10881769,78,206.049,2023-03-31,0.481,0.797,0.201,0.404,0.0,0.368,0.495,96.237,hip hop
"Tyler, The Creator",SWEET / I THOUGHT YOU WANTED TO DANCE (feat. Brent Faiyaz & Fana Hues),"['hip hop', 'rap']",10881769,76,588.139,2021-06-25,0.468,0.652,0.0722,0.333,0.000318,0.55,0.39,140.223,hip hop
Eminem,Mockingbird,"['detroit hip hop', 'hip hop', 'rap']",68379095,91,250.76,2004-11-12,0.637,0.678,0.266,0.209,0.0,0.156,0.254,84.039,hip hop
Eminem,Without Me,"['detroit hip hop', 'hip hop', 'rap']",68379095,88,290.32,2002-05-26,0.908,0.669,0.0738,0.00286,0.0,0.237,0.662,112.238,hip hop
Eminem,The Real Slim Shady,"['detroit hip hop', 'hip hop', 'rap']",68379095,87,284.2,2000-05-23,0.949,0.661,0.0572,0.0302,0.0,0.0454,0.76,104.504,hip hop
Eminem,"Lose Yourself - From ""8 Mile"" Soundtrack","['detroit hip hop', 'hip hop', 'rap']",68379095,77,326.466,2005-12-06,0.692,0.744,0.257,0.00868,0.000423,0.359,0.0612,171.374,hip hop
Eminem,Superman,"['detroit hip hop', 'hip hop', 'rap']",68379095,87,350.32,2002-05-26,0.802,0.755,0.0564,0.0215,0.0,0.295,0.58,130.027,hip hop
Eminem,Till I Collapse,"['detroit hip hop', 'hip hop', 'rap']",68379095,86,297.786,2002-05-26,0.548,0.847,0.186,0.0622,0.0,0.0816,0.1,171.447,hip hop
Eminem,Stan,"['detroit hip hop', 'hip hop', 'rap']",68379095,84,404.106,2000-05-23,0.78,0.768,0.238,0.0371,2.34e-06,0.518,0.507,80.063,hip hop
Eminem,Love The Way You Lie,"['detroit hip hop', 'hip hop', 'rap']",68379095,84,263.373,2010-06-18,0.749,0.925,0.227,0.241,0.0,0.52,0.641,86.989,hip hop
Eminem,Godzilla (feat. Juice WRLD),"['detroit hip hop', 'hip hop', 'rap']",68379095,83,210.8,2020-01-17,0.808,0.745,0.342,0.145,0.0,0.292,0.829,165.995,hip hop
Eminem,Not Afraid,"['detroit hip hop', 'hip hop', 'rap']",68379095,81,248.133,2010-06-18,0.855,0.954,0.264,0.529,0.0,0.205,0.668,114.635,hip hop
$uicideboy$,"...And to Those I Love, Thanks for Sticking Around","['dark trap', 'new orleans rap', 'underground hip hop']",5344455,80,168.489,2020-02-14,0.792,0.511,0.0409,0.124,9.04e-05,0.14,0.111,113.983,hip hop
$uicideboy$,Kill Yourself (Part III),"['dark trap', 'new orleans rap', 'underground hip hop']",5344455,79,145.078,2015-09-21,0.753,0.68,0.0349,0.326,4.15e-05,0.423,0.192,105.977,hip hop
$uicideboy$,Antarctica,"['dark trap', 'new orleans rap', 'underground hip hop']",5344455,79,126.85,2016-01-26,0.715,0.633,0.0804,0.553,4.45e-06,0.0905,0.319,105.945,hip hop
$uicideboy$,Paris,"['dark trap', 'new orleans rap', 'underground hip hop']",5344455,78,111.02,2015-11-20,0.849,0.648,0.0835,0.0706,0.00636,0.0984,0.195,106.058,hip hop
$uicideboy$,Big Shot Cream Soda,"['dark trap', 'new orleans rap', 'underground hip hop']",5344455,75,195.6,2023-02-15,0.878,0.714,0.239,0.0528,7.64e-06,0.143,0.636,150.029,hip hop
$uicideboy$,1000 Blunts,"['dark trap', 'new orleans rap', 'underground hip hop']",5344455,76,175.476,2022-07-29,0.83,0.698,0.077,0.224,1.02e-06,0.191,0.595,132.99,hip hop
$uicideboy$,For the Last Time,"['dark trap', 'new orleans rap', 'underground hip hop']",5344455,76,156.081,2017-09-05,0.844,0.533,0.552,0.0735,3.46e-06,0.0953,0.23,140.078,hip hop
$uicideboy$,My Flaws Burn Through My Skin Like Demonic Flames from Hell,"['dark trap', 'new orleans rap', 'underground hip hop']",5344455,75,167.679,2015-08-01,0.78,0.748,0.0352,0.00448,0.000546,0.115,0.0663,125.98,hip hop
$uicideboy$,Matte Black,"['dark trap', 'new orleans rap', 'underground hip hop']",5344455,75,238.145,2022-07-29,0.877,0.826,0.206,0.122,1.05e-05,0.104,0.814,75.003,hip hop
$uicideboy$,Runnin' Thru the 7th with My Woadies,"['dark trap', 'new orleans rap', 'underground hip hop']",5344455,75,205.766,2015-09-15,0.686,0.621,0.187,0.0656,0.000221,0.139,0.187,112.082,hip hop
Lil Wayne,Love Me,"['hip hop', 'new orleans rap', 'pop rap', 'rap', 'trap']",13341837,80,255.053,2013-01-01,0.669,0.634,0.0327,0.0125,0.0,0.0946,0.496,124.906,hip hop
Lil Wayne,Lollipop,"['hip hop', 'new orleans rap', 'pop rap', 'rap', 'trap']",13341837,66,299.333,2008-01-01,0.832,0.43,0.0826,0.0606,0.00323,0.124,0.462,148.074,hip hop
Lil Wayne,"Sucker for Pain (with Wiz Khalifa, Imagine Dragons, Logic & Ty Dolla $ign feat. X Ambassadors)","['hip hop', 'new orleans rap', 'pop rap', 'rap', 'trap']",13341837,75,243.49,2016-06-24,0.502,0.786,0.317,0.255,0.0,0.65,0.739,169.021,hip hop
Lil Wayne,A Milli,"['hip hop', 'new orleans rap', 'pop rap', 'rap', 'trap']",13341837,67,221.813,2008-01-01,0.663,0.688,0.283,0.0391,0.00224,0.223,0.731,151.589,hip hop
Lil Wayne,Forever,"['hip hop', 'new orleans rap', 'pop rap', 'rap', 'trap']",13341837,73,357.706,2009-05-15,0.457,0.906,0.342,0.249,0.0,0.182,0.54,104.02,hip hop
Lil Wayne,6 Foot 7 Foot,"['hip hop', 'new orleans rap', 'pop rap', 'rap', 'trap']",13341837,73,248.586,2011-08-29,0.364,0.752,0.304,0.0007,0.0,0.318,0.606,79.119,hip hop
Lil Wayne,Mirror,"['hip hop', 'new orleans rap', 'pop rap', 'rap', 'trap']",13341837,75,228.093,2011-08-29,0.328,0.622,0.0866,0.858,0.0,0.104,0.401,74.267,hip hop
Lil Wayne,Gladiador - Remix,"['hip hop', 'new orleans rap', 'pop rap', 'rap', 'trap']",13341837,74,197.374,2023-03-17,0.584,0.787,0.146,0.203,0.0,0.251,0.765,153.992,hip hop
Lil Wayne,AIN'T GONNA ANSWER,"['hip hop', 'new orleans rap', 'pop rap', 'rap', 'trap']",13341837,73,187.453,2023-03-23,0.879,0.875,0.18,0.0808,0.0,0.327,0.763,95.021,hip hop
Lil Wayne,HOT WIND BLOWS (feat. Lil Wayne),"['hip hop', 'new orleans rap', 'pop rap', 'rap', 'trap']",13341837,70,155.292,2021-06-25,0.371,0.75,0.402,0.601,0.0,0.482,0.729,173.456,hip hop
XXXTENTACION,Revenge,"['emo rap', 'miami hip hop']",41044554,87,120.026,2017-08-25,0.746,0.251,0.259,0.782,0.00203,0.106,0.18,139.999,hip hop
XXXTENTACION,Hope,"['emo rap', 'miami hip hop']",41044554,85,110.886,2018-03-16,0.592,0.457,0.0603,0.661,0.000331,0.146,0.225,146.04,hip hop
XXXTENTACION,Everybody Dies In Their Nightmares,"['emo rap', 'miami hip hop']",41044554,84,95.466,2017-08-25,0.734,0.57,0.133,0.847,2.14e-05,0.112,0.689,129.953,hip hop
XXXTENTACION,Jocelyn Flores,"['emo rap', 'miami hip hop']",41044554,83,119.133,2017-08-25,0.872,0.391,0.242,0.469,4.13e-06,0.297,0.437,134.021,hip hop
XXXTENTACION,Moonlight,"['emo rap', 'miami hip hop']",41044554,83,135.09,2018-03-16,0.921,0.537,0.0804,0.556,0.00404,0.102,0.711,128.009,hip hop
XXXTENTACION,SAD!,"['emo rap', 'miami hip hop']",41044554,82,166.605,2018-03-16,0.74,0.613,0.145,0.258,0.00372,0.123,0.473,75.023,hip hop
XXXTENTACION,Fuck Love (feat. Trippie Redd),"['emo rap', 'miami hip hop']",41044554,82,146.52,2017-08-25,0.797,0.533,0.0412,0.0172,0.000152,0.103,0.329,131.036,hip hop
XXXTENTACION,Look At Me!,"['emo rap', 'miami hip hop']",41044554,81,126.345,2017-02-20,0.763,0.726,0.282,0.259,0.0,0.0976,0.349,139.059,hip hop
XXXTENTACION,Falling Down - Bonus Track,"['emo rap', 'miami hip hop']",41044554,80,196.4,2018-11-09,0.669,0.574,0.0286,0.0175,0.00294,0.146,0.273,120.013,hip hop
XXXTENTACION,changes,"['emo rap', 'miami hip hop']",41044554,78,121.886,2018-03-16,0.669,0.308,0.029,0.883,0.0,0.0984,0.52,64.934,hip hop
Gunna,Drip Too Hard (Lil Baby & Gunna),"['atl hip hop', 'hip hop', 'melodic rap', 'rap', 'trap']",5112480,84,145.542,2018-10-05,0.897,0.662,0.292,0.0852,0.0,0.534,0.389,112.511,hip hop
Gunna,"Lemonade (feat. Gunna, Don Toliver & NAV)","['atl hip hop', 'hip hop', 'melodic rap', 'rap', 'trap']",5112480,76,195.428,2020-08-28,0.8,0.658,0.079,0.25,0.0,0.111,0.462,140.042,hip hop
Gunna,pushin P (feat. Young Thug),"['atl hip hop', 'hip hop', 'melodic rap', 'rap', 'trap']",5112480,77,136.266,2022-01-13,0.773,0.422,0.187,0.00783,0.00693,0.129,0.488,77.502,hip hop
Gunna,P power (feat. Drake),"['atl hip hop', 'hip hop', 'melodic rap', 'rap', 'trap']",5112480,75,193.346,2022-01-13,0.828,0.591,0.109,0.0199,0.000323,0.361,0.202,119.251,hip hop
Gunna,Drip or Drown,"['atl hip hop', 'hip hop', 'melodic rap', 'rap', 'trap']",5112480,75,126.168,2017-11-30,0.952,0.478,0.361,0.774,0.0,0.112,0.568,118.008,hip hop
Gunna,All The Money (with Gunna) [Bonus],"['atl hip hop', 'hip hop', 'melodic rap', 'rap', 'trap']",5112480,73,167.4,2022-12-02,0.837,0.58,0.0618,0.053,0.00276,0.699,0.262,111.981,hip hop
Gunna,Banking On Me,"['atl hip hop', 'hip hop', 'melodic rap', 'rap', 'trap']",5112480,73,200.0,2022-02-14,0.793,0.308,0.0466,0.613,1.68e-05,0.0953,0.46,135.143,hip hop
Gunna,Solid (feat. Drake),"['atl hip hop', 'hip hop', 'melodic rap', 'rap', 'trap']",5112480,72,215.693,2021-04-16,0.887,0.485,0.2,0.0392,0.0,0.141,0.328,125.987,hip hop
Gunna,DOLLAZ ON MY HEAD (feat. Young Thug),"['atl hip hop', 'hip hop', 'melodic rap', 'rap', 'trap']",5112480,72,197.76,2020-05-22,0.825,0.458,0.0577,0.114,0.0,0.102,0.161,145.115,hip hop
Gunna,What Happened To Virgil (feat. Gunna),"['atl hip hop', 'hip hop', 'melodic rap', 'rap', 'trap']",5112480,72,181.393,2022-03-11,0.795,0.526,0.204,0.067,2e-06,0.134,0.194,140.037,hip hop
Frank Ocean,Pink + White,"['hip hop', 'lgbtq+ hip hop', 'neo soul']",10849009,86,184.516,2016-08-20,0.545,0.545,0.107,0.667,5.48e-05,0.417,0.549,159.94,hip hop
Frank Ocean,Lost,"['hip hop', 'lgbtq+ hip hop', 'neo soul']",10849009,84,234.093,2012-07-10,0.913,0.603,0.226,0.0272,0.000503,0.167,0.497,123.061,hip hop
Frank Ocean,Novacane,"['hip hop', 'lgbtq+ hip hop', 'neo soul']",10849009,80,302.346,2011-01-01,0.762,0.508,0.0919,0.0584,0.00126,0.16,0.37,93.51,hip hop
Frank Ocean,Ivy,"['hip hop', 'lgbtq+ hip hop', 'neo soul']",10849009,80,249.191,2016-08-20,0.575,0.386,0.037,0.785,0.000289,0.229,0.466,116.408,hip hop
Frank Ocean,Nights,"['hip hop', 'lgbtq+ hip hop', 'neo soul']",10849009,78,307.151,2016-08-20,0.457,0.551,0.167,0.427,1.15e-06,0.113,0.428,89.87,hip hop
Frank Ocean,Thinkin Bout You,"['hip hop', 'lgbtq+ hip hop', 'neo soul']",10849009,78,200.746,2012-07-10,0.721,0.339,0.0532,0.409,0.00153,0.0973,0.2,129.83,hip hop
Frank Ocean,In My Room,"['hip hop', 'lgbtq+ hip hop', 'neo soul']",10849009,77,133.68,2019-11-02,0.861,0.647,0.0675,0.594,0.661,0.114,0.67,158.037,hip hop
Frank Ocean,Slide (feat. Frank Ocean & Migos),"['hip hop', 'lgbtq+ hip hop', 'neo soul']",10849009,72,230.813,2017-06-30,0.736,0.795,0.0545,0.498,1.21e-06,0.254,0.511,104.066,hip hop
Frank Ocean,White Ferrari,"['hip hop', 'lgbtq+ hip hop', 'neo soul']",10849009,77,248.807,2016-08-20,0.501,0.0958,0.0433,0.77,0.0,0.298,0.204,108.741,hip hop
Frank Ocean,Chanel,"['hip hop', 'lgbtq+ hip hop', 'neo soul']",10849009,77,210.285,2017-03-10,0.776,0.503,0.237,0.874,0.0,0.112,0.473,110.134,hip hop
Nicki Minaj,Red Ruby Da Sleeze,"['dance pop', 'hip pop', 'pop', 'queens hip hop', 'rap']",27798991,84,214.445,2023-03-03,0.696,0.733,0.256,0.115,0.0,0.111,0.292,98.355,hip hop
Nicki Minaj,Super Freaky Girl,"['dance pop', 'hip pop', 'pop', 'queens hip hop', 'rap']",27798991,75,170.977,2022-08-26,0.951,0.878,0.211,0.0509,1.61e-05,0.321,0.923,133.014,hip hop
Nicki Minaj,Starships,"['dance pop', 'hip pop', 'pop', 'queens hip hop', 'rap']",27798991,74,210.626,2011-01-01,0.747,0.716,0.075,0.135,0.0,0.251,0.751,125.008,hip hop
Nicki Minaj,Tusa,"['dance pop', 'hip pop', 'pop', 'queens hip hop', 'rap']",27798991,74,201.92,2021-03-26,0.799,0.701,0.282,0.309,7.36e-05,0.0514,0.607,100.946,hip hop
Nicki Minaj,Beauty And A Beat,"['dance pop', 'hip pop', 'pop', 'queens hip hop', 'rap']",27798991,57,226.613,2020-05-22,0.587,0.82,0.0668,0.0011,7.36e-06,0.131,0.578,127.976,hip hop
Nicki Minaj,Bang Bang,"['dance pop', 'hip pop', 'pop', 'queens hip hop', 'rap']",27798991,79,199.386,2014-10-14,0.706,0.786,0.091,0.26,0.0,0.38,0.751,150.028,hip hop
Nicki Minaj,Super Bass,"['dance pop', 'hip pop', 'pop', 'queens hip hop', 'rap']",27798991,79,200.013,2010-11-22,0.723,0.86,0.203,0.271,4.56e-06,0.598,0.667,126.979,hip hop
Nicki Minaj,Swalla (feat. Nicki Minaj & Ty Dolla $ign),"['dance pop', 'hip pop', 'pop', 'queens hip hop', 'rap']",27798991,75,216.408,2017-02-23,0.696,0.817,0.109,0.075,0.0,0.187,0.782,98.064,hip hop
Nicki Minaj,Only,"['dance pop', 'hip pop', 'pop', 'queens hip hop', 'rap']",27798991,71,312.026,2014-12-15,0.573,0.495,0.592,0.405,0.0,0.0969,0.255,179.196,hip hop
Nicki Minaj,Anaconda,"['dance pop', 'hip pop', 'pop', 'queens hip hop', 'rap']",27798991,67,260.24,2014-12-15,0.964,0.605,0.179,0.0668,7.78e-06,0.214,0.646,129.994,hip hop
Mac Miller,The Spins,"['hip hop', 'pittsburgh rap', 'rap']",8777529,72,195.873,2010-08-13,0.794,0.766,0.0377,0.0135,0.0,0.0785,0.55,127.006,hip hop
Mac Miller,Love Lost,"['hip hop', 'pittsburgh rap', 'rap']",8777529,71,162.875,2022-07-22,0.735,0.812,0.151,0.528,0.0,0.186,0.584,109.829,hip hop
Mac Miller,Small Worlds,"['hip hop', 'pittsburgh rap', 'rap']",8777529,78,271.733,2018-08-03,0.516,0.546,0.249,0.814,4.5e-06,0.0995,0.515,78.267,hip hop
Mac Miller,Self Care,"['hip hop', 'pittsburgh rap', 'rap']",8777529,78,345.133,2018-08-03,0.52,0.538,0.206,0.367,0.00187,0.119,0.177,141.894,hip hop
Mac Miller,Congratulations (feat. Bilal),"['hip hop', 'pittsburgh rap', 'rap']",8777529,78,256.426,2016-09-16,0.465,0.225,0.0455,0.948,0.00155,0.18,0.207,57.75,hip hop
Mac Miller,Weekend (feat. Miguel),"['hip hop', 'pittsburgh rap', 'rap']",8777529,77,208.08,2015-09-18,0.843,0.435,0.178,0.47,0.0,0.147,0.19,120.058,hip hop
Mac Miller,Good News,"['hip hop', 'pittsburgh rap', 'rap']",8777529,74,342.04,2020-01-17,0.794,0.32,0.173,0.853,0.134,0.112,0.241,174.088,hip hop
Mac Miller,Blue World,"['hip hop', 'pittsburgh rap', 'rap']",8777529,74,209.44,2020-01-17,0.742,0.553,0.419,0.389,0.0,0.0694,0.508,84.931,hip hop
Mac Miller,Come Back to Earth,"['hip hop', 'pittsburgh rap', 'rap']",8777529,74,161.84,2018-08-03,0.272,0.238,0.0349,0.89,0.00925,0.275,0.119,83.507,hip hop
Mac Miller,Nikes on My Feet,"['hip hop', 'pittsburgh rap', 'rap']",8777529,64,164.631,2010-08-13,0.801,0.57,0.265,0.559,0.0,0.111,0.565,92.058,hip hop
Playboi Carti,Sky,"['atl hip hop', 'hip hop', 'plugg', 'pluggnb', 'rap']",7869966,82,193.234,2020-12-25,0.785,0.903,0.21,0.258,0.0,0.169,0.565,139.98,hip hop
Playboi Carti,Miss The Rage (feat. Playboi Carti),"['atl hip hop', 'hip hop', 'plugg', 'pluggnb', 'rap']",7869966,74,236.883,2021-08-21,0.581,0.877,0.114,0.0151,0.0,0.826,0.353,77.006,hip hop
Playboi Carti,Magnolia,"['atl hip hop', 'hip hop', 'plugg', 'pluggnb', 'rap']",7869966,79,181.812,2017-04-14,0.791,0.582,0.286,0.0114,0.0,0.35,0.443,162.991,hip hop
Playboi Carti,Vamp Anthem,"['atl hip hop', 'hip hop', 'plugg', 'pluggnb', 'rap']",7869966,78,124.093,2020-12-25,0.642,0.69,0.261,0.00599,1.3e-06,0.322,0.641,164.075,hip hop
Playboi Carti,Shoota (feat. Lil Uzi Vert),"['atl hip hop', 'hip hop', 'plugg', 'pluggnb', 'rap']",7869966,78,153.8,2018-05-11,0.673,0.649,0.196,0.188,0.0,0.122,0.47,153.075,hip hop
Playboi Carti,ILoveUIHateU,"['atl hip hop', 'hip hop', 'plugg', 'pluggnb', 'rap']",7869966,77,135.122,2020-12-25,0.684,0.693,0.0339,0.00534,0.0,0.506,0.108,134.988,hip hop
Playboi Carti,Location,"['atl hip hop', 'hip hop', 'plugg', 'pluggnb', 'rap']",7869966,77,168.783,2017-04-14,0.717,0.79,0.2,0.33,0.000125,0.518,0.371,125.985,hip hop
Playboi Carti,R.I.P.,"['atl hip hop', 'hip hop', 'plugg', 'pluggnb', 'rap']",7869966,77,192.026,2018-05-11,0.725,0.725,0.159,0.0119,0.0,0.086,0.515,140.003,hip hop
Playboi Carti,Fell In Luv (feat. Bryson Tiller),"['atl hip hop', 'hip hop', 'plugg', 'pluggnb', 'rap']",7869966,77,206.333,2018-05-11,0.657,0.668,0.136,0.0273,0.0,0.32,0.227,162.997,hip hop
Playboi Carti,Long Time - Intro,"['atl hip hop', 'hip hop', 'plugg', 'pluggnb', 'rap']",7869966,74,211.773,2018-05-11,0.472,0.861,0.0447,0.283,0.0,0.83,0.358,144.077,hip hop
Young Thug,Trance (with Travis Scott & Young Thug),"['atl hip hop', 'atl trap', 'gangster rap', 'hip hop', 'melodic rap', 'pop rap', 'rap', 'trap']",8133163,88,194.786,2022-12-02,0.571,0.549,0.404,0.18,0.0,0.168,0.447,119.497,hip hop
Young Thug,Go Crazy,"['atl hip hop', 'atl trap', 'gangster rap', 'hip hop', 'melodic rap', 'pop rap', 'rap', 'trap']",8133163,77,176.96,2020-05-08,0.755,0.578,0.145,0.316,0.0,0.25,0.581,94.148,hip hop
Young Thug,Way 2 Sexy (with Future & Young Thug),"['atl hip hop', 'atl trap', 'gangster rap', 'hip hop', 'melodic rap', 'pop rap', 'rap', 'trap']",8133163,77,257.604,2021-09-03,0.803,0.597,0.141,0.000619,4.5e-06,0.323,0.331,136.008,hip hop
Young Thug,Metro Spider (with Young Thug),"['atl hip hop', 'atl trap', 'gangster rap', 'hip hop', 'melodic rap', 'pop rap', 'rap', 'trap']",8133163,75,174.56,2022-12-02,0.709,0.734,0.125,0.0411,0.0,0.346,0.245,143.087,hip hop
Young Thug,Potion (with Dua Lipa & Young Thug),"['atl hip hop', 'atl trap', 'gangster rap', 'hip hop', 'melodic rap', 'pop rap', 'rap', 'trap']",8133163,66,215.215,2022-08-05,0.824,0.697,0.0473,0.158,4.11e-05,0.0751,0.757,99.987,hip hop
Young Thug,pick up the phone,"['atl hip hop', 'atl trap', 'gangster rap', 'hip hop', 'melodic rap', 'pop rap', 'rap', 'trap']",8133163,70,252.262,2016-06-03,0.706,0.716,0.0768,0.115,0.0,0.316,0.459,136.904,hip hop
Young Thug,Hot (Remix) [feat. Gunna and Travis Scott],"['atl hip hop', 'atl trap', 'gangster rap', 'hip hop', 'melodic rap', 'pop rap', 'rap', 'trap']",8133163,71,279.906,2019-12-20,0.845,0.631,0.216,0.188,0.0,0.0806,0.545,111.983,hip hop
Young Thug,The London (feat. J. Cole & Travis Scott),"['atl hip hop', 'atl trap', 'gangster rap', 'hip hop', 'melodic rap', 'pop rap', 'rap', 'trap']",8133163,67,200.186,2019-08-16,0.784,0.517,0.209,0.0249,1.44e-06,0.155,0.206,97.991,hip hop
Young Thug,Solid (feat. Drake),"['atl hip hop', 'atl trap', 'gangster rap', 'hip hop', 'melodic rap', 'pop rap', 'rap', 'trap']",8133163,72,215.693,2021-04-16,0.887,0.485,0.2,0.0392,0.0,0.141,0.328,125.987,hip hop
Young Thug,Hot (feat. Gunna),"['atl hip hop', 'atl trap', 'gangster rap', 'hip hop', 'melodic rap', 'pop rap', 'rap', 'trap']",8133163,72,193.026,2019-08-16,0.855,0.651,0.235,0.063,0.0,0.0772,0.559,111.997,hip hop
JAY-Z,Ni**as In Paris,"['east coast hip hop', 'hip hop', 'rap']",8259487,84,219.333,2011-08-08,0.789,0.858,0.311,0.127,0.0,0.349,0.775,140.022,hip hop
JAY-Z,Empire State Of Mind,"['east coast hip hop', 'hip hop', 'rap']",8259487,83,276.92,2009-09-08,0.491,0.956,0.392,0.0295,0.0,0.46,0.811,173.585,hip hop
JAY-Z,Run This Town,"['east coast hip hop', 'hip hop', 'rap']",8259487,81,267.52,2009-09-08,0.632,0.924,0.29,0.281,0.0,0.263,0.441,86.844,hip hop
JAY-Z,Numb / Encore,"['east coast hip hop', 'hip hop', 'rap']",8259487,79,205.733,2004-11-30,0.687,0.793,0.166,0.0603,0.0,0.582,0.751,107.045,hip hop
JAY-Z,Why I Love You,"['east coast hip hop', 'hip hop', 'rap']",8259487,77,201.373,2011-08-08,0.48,0.808,0.0423,0.0259,0.0,0.269,0.37,123.387,hip hop
JAY-Z,No Church In The Wild,"['east coast hip hop', 'hip hop', 'rap']",8259487,74,272.506,2011-08-08,0.654,0.75,0.105,0.246,0.0178,0.167,0.557,92.78,hip hop
JAY-Z,Gotta Have It,"['east coast hip hop', 'hip hop', 'rap']",8259487,72,140.746,2011-08-08,0.74,0.574,0.245,0.411,0.0,0.262,0.33,149.762,hip hop
JAY-Z,4:44,"['east coast hip hop', 'hip hop', 'rap']",8259487,72,284.493,2017-07-07,0.261,0.852,0.158,0.139,4.26e-05,0.477,0.431,177.997,hip hop
JAY-Z,Otis,"['east coast hip hop', 'hip hop', 'rap']",8259487,71,178.213,2011-08-08,0.754,0.631,0.307,0.552,0.0,0.5,0.432,94.577,hip hop
JAY-Z,03' Bonnie & Clyde,"['east coast hip hop', 'hip hop', 'rap']",8259487,71,205.56,2002-11-12,0.759,0.678,0.314,0.23,0.0,0.15,0.327,89.64,hip hop
Lil Durk,Laugh Now Cry Later (feat. Lil Durk),"['chicago drill', 'chicago rap', 'drill', 'hip hop', 'rap', 'trap']",5329360,79,261.492,2020-08-14,0.761,0.518,0.134,0.244,3.47e-05,0.107,0.522,133.976,hip hop
Lil Durk,Broadway Girls (feat. Morgan Wallen),"['chicago drill', 'chicago rap', 'drill', 'hip hop', 'rap', 'trap']",5329360,72,185.6,2022-03-10,0.659,0.745,0.0347,0.0417,0.0,0.296,0.54,74.967,hip hop
Lil Durk,Mad Max,"['chicago drill', 'chicago rap', 'drill', 'hip hop', 'rap', 'trap']",5329360,75,153.6,2022-12-16,0.898,0.64,0.255,0.0212,0.0,0.0919,0.68,149.988,hip hop
Lil Durk,3 Headed Goat (feat. Lil Baby & Polo G),"['chicago drill', 'chicago rap', 'drill', 'hip hop', 'rap', 'trap']",5329360,75,169.531,2020-05-08,0.846,0.48,0.359,0.269,0.0,0.0989,0.419,143.029,hip hop
Lil Durk,"Who Want Smoke?? (feat. G Herbo, Lil Durk & 21 Savage)","['chicago drill', 'chicago rap', 'drill', 'hip hop', 'rap', 'trap']",5329360,70,279.573,2021-12-03,0.748,0.713,0.355,0.00496,0.0,0.245,0.482,75.591,hip hop
Lil Durk,Leave The Club (feat. Lil Durk & GloRilla),"['chicago drill', 'chicago rap', 'drill', 'hip hop', 'rap', 'trap']",5329360,67,222.386,2023-02-24,0.499,0.734,0.0994,0.219,0.0,0.207,0.322,104.97,hip hop
Lil Durk,Hanging With Wolves,"['chicago drill', 'chicago rap', 'drill', 'hip hop', 'rap', 'trap']",5329360,72,205.893,2022-12-09,0.823,0.636,0.0612,0.0168,0.0,0.108,0.5,151.978,hip hop
Lil Durk,What Happened To Virgil (feat. Gunna),"['chicago drill', 'chicago rap', 'drill', 'hip hop', 'rap', 'trap']",5329360,72,181.393,2022-03-11,0.795,0.526,0.204,0.067,2e-06,0.134,0.194,140.037,hip hop
Lil Durk,Hot Shit (feat. Ye & Lil Durk),"['chicago drill', 'chicago rap', 'drill', 'hip hop', 'rap', 'trap']",5329360,71,211.649,2022-07-01,0.878,0.685,0.225,0.00152,0.0,0.0753,0.523,157.003,hip hop
Lil Durk,Sharing Locations (feat. Lil Baby & Lil Durk),"['chicago drill', 'chicago rap', 'drill', 'hip hop', 'rap', 'trap']",5329360,64,161.052,2021-10-01,0.681,0.63,0.0385,0.00383,0.0,0.139,0.183,151.951,hip hop
Kodak Black,Drowning (feat. Kodak Black),"['florida drill', 'florida rap', 'hip hop', 'melodic rap', 'miami hip hop', 'rap', 'trap', 'trap latino']",9146103,79,209.269,2017-09-29,0.839,0.81,0.0568,0.501,0.0,0.117,0.814,129.014,hip hop
Kodak Black,Wake Up in the Sky,"['florida drill', 'florida rap', 'hip hop', 'melodic rap', 'miami hip hop', 'rap', 'trap', 'trap latino']",9146103,71,203.161,2018-12-07,0.8,0.578,0.0485,0.00381,0.0,0.367,0.367,143.01,hip hop
Kodak Black,Super Gremlin,"['florida drill', 'florida rap', 'hip hop', 'melodic rap', 'miami hip hop', 'rap', 'trap', 'trap latino']",9146103,73,200.547,2022-02-25,0.825,0.414,0.144,0.00265,0.0,0.357,0.106,72.993,hip hop
Kodak Black,ZEZE (feat. Travis Scott & Offset),"['florida drill', 'florida rap', 'hip hop', 'melodic rap', 'miami hip hop', 'rap', 'trap', 'trap latino']",9146103,76,228.759,2018-12-14,0.861,0.603,0.176,0.0521,0.0,0.0924,0.504,98.043,hip hop
Kodak Black,No Flockin',"['florida drill', 'florida rap', 'hip hop', 'melodic rap', 'miami hip hop', 'rap', 'trap', 'trap latino']",9146103,75,165.29,2015-11-13,0.943,0.595,0.191,0.0673,0.0,0.0839,0.815,117.532,hip hop
Kodak Black,Transportin',"['florida drill', 'florida rap', 'hip hop', 'melodic rap', 'miami hip hop', 'rap', 'trap', 'trap latino']",9146103,74,169.344,2017-08-18,0.804,0.66,0.0726,0.0319,0.0,0.103,0.257,94.053,hip hop
Kodak Black,King Snipe,"['florida drill', 'florida rap', 'hip hop', 'melodic rap', 'miami hip hop', 'rap', 'trap', 'trap latino']",9146103,73,214.593,2023-01-13,0.818,0.526,0.277,0.0103,0.0,0.146,0.531,125.061,hip hop
Kodak Black,Roll in Peace (feat. XXXTENTACION),"['florida drill', 'florida rap', 'hip hop', 'melodic rap', 'miami hip hop', 'rap', 'trap', 'trap latino']",9146103,73,213.132,2017-08-18,0.747,0.524,0.245,0.0306,0.0,0.2,0.363,140.053,hip hop
Kodak Black,Love & War,"['florida drill', 'florida rap', 'hip hop', 'melodic rap', 'miami hip hop', 'rap', 'trap', 'trap latino']",9146103,73,239.146,2022-02-25,0.762,0.649,0.0527,0.58,1.7e-05,0.0971,0.501,145.09,hip hop
Kodak Black,Silent Hill,"['florida drill', 'florida rap', 'hip hop', 'melodic rap', 'miami hip hop', 'rap', 'trap', 'trap latino']",9146103,73,220.779,2022-05-13,0.907,0.577,0.0767,0.438,3.19e-05,0.137,0.801,140.07,hip hop
Brent Faiyaz,JACKIE BROWN,"['dmv rap', 'hip hop', 'pop', 'r&b', 'rap']",3596060,83,169.013,2022-07-08,0.726,0.353,0.105,0.65,0.002,0.224,0.503,137.66,hip hop
Brent Faiyaz,ALL MINE,"['dmv rap', 'hip hop', 'pop', 'r&b', 'rap']",3596060,82,216.062,2022-07-08,0.617,0.378,0.0315,0.428,9.16e-05,0.11,0.22,141.967,hip hop
Brent Faiyaz,Clouded,"['dmv rap', 'hip hop', 'pop', 'r&b', 'rap']",3596060,81,110.128,2020-02-07,0.583,0.344,0.0559,0.774,0.0,0.143,0.581,65.203,hip hop
Brent Faiyaz,Trust,"['dmv rap', 'hip hop', 'pop', 'r&b', 'rap']",3596060,79,158.42,2018-10-19,0.764,0.394,0.152,0.231,9.37e-05,0.117,0.465,92.009,hip hop
Brent Faiyaz,SWEET / I THOUGHT YOU WANTED TO DANCE (feat. Brent Faiyaz & Fana Hues),"['dmv rap', 'hip hop', 'pop', 'r&b', 'rap']",3596060,76,588.139,2021-06-25,0.468,0.652,0.0722,0.333,0.000318,0.55,0.39,140.223,hip hop
Brent Faiyaz,Poison,"['dmv rap', 'hip hop', 'pop', 'r&b', 'rap']",3596060,78,212.992,2016-08-03,0.689,0.394,0.065,0.711,0.000905,0.0859,0.382,117.489,hip hop
Brent Faiyaz,DEAD MAN WALKING,"['dmv rap', 'hip hop', 'pop', 'r&b', 'rap']",3596060,73,247.079,2022-07-08,0.51,0.272,0.0557,0.303,0.0,0.0958,0.435,143.984,hip hop
Brent Faiyaz,"GRAVITY (FEAT. TYLER, THE CREATOR)","['dmv rap', 'hip hop', 'pop', 'r&b', 'rap']",3596060,73,214.692,2022-07-08,0.541,0.619,0.254,0.167,0.00633,0.144,0.491,163.908,hip hop
Brent Faiyaz,Rehab (Winter In Paris),"['dmv rap', 'hip hop', 'pop', 'r&b', 'rap']",3596060,75,180.303,2020-02-07,0.549,0.242,0.038,0.809,8.1e-05,0.127,0.286,144.211,hip hop
Brent Faiyaz,lost souls (with Brent Faiyaz),"['dmv rap', 'hip hop', 'pop', 'r&b', 'rap']",3596060,74,269.727,2021-09-22,0.649,0.347,0.404,0.485,3.24e-05,0.154,0.176,169.994,hip hop
Lil Peep,Star Shopping,"['emo rap', 'lgbtq+ hip hop']",9852033,85,142.0,2015,0.538,0.471,0.0955,0.0946,0.0185,0.116,0.307,93.07,hip hop
Lil Peep,nuts,"['emo rap', 'lgbtq+ hip hop']",9852033,81,85.36,2022-12-02,0.51,0.739,0.0415,0.00872,0.0,0.111,0.148,62.007,hip hop
Lil Peep,Falling Down - Bonus Track,"['emo rap', 'lgbtq+ hip hop']",9852033,80,196.4,2018-11-09,0.669,0.574,0.0286,0.0175,0.00294,0.146,0.273,120.013,hip hop
Lil Peep,white tee,"['emo rap', 'lgbtq+ hip hop']",9852033,78,132.226,2016,0.8,0.526,0.0416,0.285,0.0,0.0717,0.729,149.991,hip hop
Lil Peep,Save That Shit,"['emo rap', 'lgbtq+ hip hop']",9852033,78,231.546,2017-08-15,0.534,0.583,0.0288,0.0262,0.0,0.421,0.145,106.0,hip hop
Lil Peep,your favorite dress,"['emo rap', 'lgbtq+ hip hop']",9852033,76,177.386,2021-07-02,0.494,0.628,0.0541,0.0814,0.0,0.111,0.101,129.966,hip hop
Lil Peep,beamer boy,"['emo rap', 'lgbtq+ hip hop']",9852033,76,203.373,2017-06-08,0.743,0.731,0.103,0.0492,1.9e-05,0.226,0.337,123.989,hip hop
Lil Peep,witchblades,"['emo rap', 'lgbtq+ hip hop']",9852033,75,149.36,2021-07-02,0.634,0.54,0.0777,0.0223,0.0,0.302,0.543,143.968,hip hop
Lil Peep,ghost boy,"['emo rap', 'lgbtq+ hip hop']",9852033,73,130.973,2015-09-18,0.662,0.586,0.0251,0.0325,0.00418,0.153,0.0724,107.993,hip hop
Lil Peep,Life is Beautiful,"['emo rap', 'lgbtq+ hip hop']",9852033,72,207.586,2018-11-09,0.533,0.638,0.0636,0.0385,0.000932,0.0758,0.324,135.056,hip hop
A$AP Rocky,Praise The Lord (Da Shine) (feat. Skepta),"['east coast hip hop', 'hip hop', 'rap', 'trap']",12047047,81,205.04,2018-05-25,0.854,0.569,0.106,0.0609,0.0816,0.1,0.294,80.015,hip hop
A$AP Rocky,Sundress,"['east coast hip hop', 'hip hop', 'rap', 'trap']",12047047,78,158.205,2018-11-20,0.721,0.707,0.0595,0.181,3.68e-06,0.143,0.743,125.005,hip hop
A$AP Rocky,"Everyday (feat. Rod Stewart, Miguel & Mark Ronson)","['east coast hip hop', 'hip hop', 'rap', 'trap']",12047047,76,260.986,2015-05-26,0.394,0.661,0.192,0.00996,0.0,0.343,0.335,149.818,hip hop
A$AP Rocky,"F**kin' Problems (feat. Drake, 2 Chainz & Kendrick Lamar)","['east coast hip hop', 'hip hop', 'rap', 'trap']",12047047,76,233.786,2013,0.853,0.693,0.275,0.0239,0.0,0.11,0.662,95.967,hip hop
A$AP Rocky,Feel The Fiyaaaah (with A$AP Rocky & feat. Takeoff),"['east coast hip hop', 'hip hop', 'rap', 'trap']",12047047,75,189.426,2022-12-02,0.491,0.77,0.308,0.112,0.0,0.319,0.37,177.977,hip hop
A$AP Rocky,Praise The Lord (Da Shine) (feat. Skepta) - Durdenhauer Edit,"['east coast hip hop', 'hip hop', 'rap', 'trap']",12047047,75,163.515,2022-11-18,0.803,0.889,0.0439,0.189,0.653,0.13,0.876,147.983,hip hop
A$AP Rocky,WHARF TALK (feat. A$AP Rocky),"['east coast hip hop', 'hip hop', 'rap', 'trap']",12047047,75,204.109,2023-03-31,0.788,0.744,0.069,0.189,5.74e-05,0.196,0.681,96.445,hip hop
A$AP Rocky,L$D,"['east coast hip hop', 'hip hop', 'rap', 'trap']",12047047,73,238.306,2015-05-26,0.598,0.252,0.0644,0.194,0.133,0.0992,0.0352,120.064,hip hop
A$AP Rocky,Lord Pretty Flacko Jodye 2 (LPFJ2),"['east coast hip hop', 'hip hop', 'rap', 'trap']",12047047,72,126.96,2015-05-26,0.485,0.72,0.127,0.0123,0.0,0.0546,0.0471,207.982,hip hop
A$AP Rocky,Potato Salad,"['east coast hip hop', 'hip hop', 'rap', 'trap']",12047047,72,182.493,2018-09-28,0.538,0.612,0.424,0.308,0.0,0.213,0.684,168.197,hip hop
Kid Cudi,Memories (feat. Kid Cudi),"['hip hop', 'ohio hip hop', 'rap']",6400640,51,209.226,2010-11-22,0.561,0.852,0.251,0.00145,5.92e-06,0.274,0.402,129.971,hip hop
Kid Cudi,Pursuit Of Happiness (Nightmare),"['hip hop', 'ohio hip hop', 'rap']",6400640,70,295.293,2009-01-01,0.63,0.605,0.0414,0.484,9.29e-05,0.298,0.266,115.277,hip hop
Kid Cudi,Day 'N' Nite (nightmare),"['hip hop', 'ohio hip hop', 'rap']",6400640,72,221.24,2009-01-01,0.881,0.441,0.0646,0.48,9.08e-06,0.119,0.804,138.014,hip hop
Kid Cudi,Mr. Rager,"['hip hop', 'ohio hip hop', 'rap']",6400640,72,294.213,2010-01-01,0.675,0.734,0.0265,0.38,0.895,0.141,0.533,101.998,hip hop
Kid Cudi,THE SCOTTS,"['hip hop', 'ohio hip hop', 'rap']",6400640,75,165.977,2020-04-24,0.716,0.537,0.0514,0.233,0.0,0.157,0.28,129.979,hip hop
Kid Cudi,Pursuit Of Happiness - Extended Steve Aoki Remix,"['hip hop', 'ohio hip hop', 'rap']",6400640,74,373.626,2012-01-01,0.722,0.687,0.0556,0.00949,0.00413,0.0462,0.619,128.013,hip hop
Kid Cudi,Soundtrack 2 My Life,"['hip hop', 'ohio hip hop', 'rap']",6400640,67,235.626,2009-01-01,0.464,0.754,0.128,0.465,1.57e-05,0.37,0.444,86.501,hip hop
Kid Cudi,Tequila Shots,"['hip hop', 'ohio hip hop', 'rap']",6400640,71,193.293,2020-12-11,0.712,0.556,0.0531,0.084,5.04e-05,0.527,0.22,90.494,hip hop
Kid Cudi,Erase Me - Main,"['hip hop', 'ohio hip hop', 'rap']",6400640,70,192.253,2010-11-09,0.687,0.631,0.129,0.063,0.0,0.108,0.853,186.071,hip hop
Kid Cudi,Day 'N' Nite - Crookers Remix,"['hip hop', 'ohio hip hop', 'rap']",6400640,57,281.08,2009-01-01,0.751,0.641,0.0461,0.0299,0.0626,0.0557,0.965,129.993,hip hop
NLE Choppa,SLUT ME OUT,['memphis hip hop'],5959073,83,123.672,2022-04-22,0.938,0.606,0.419,0.117,0.0,0.528,0.706,121.108,hip hop
NLE Choppa,DO IT AGAIN (feat. 2Rare),['memphis hip hop'],5959073,79,213.206,2022-10-07,0.806,0.64,0.317,0.0864,0.0,0.201,0.716,160.054,hip hop
NLE Choppa,Walk Em Down (feat. Roddy Ricch),['memphis hip hop'],5959073,74,173.288,2020-08-10,0.867,0.744,0.227,0.268,0.0,0.0713,0.645,84.005,hip hop
NLE Choppa,Shotta Flow (feat. Blueface) [Remix],['memphis hip hop'],5959073,73,176.631,2019-12-23,0.894,0.511,0.421,0.0251,0.0,0.14,0.567,120.077,hip hop
NLE Choppa,Capo,['memphis hip hop'],5959073,77,192.2,2022-01-13,0.614,0.953,0.0688,0.119,0.0,0.331,0.593,154.969,hip hop
NLE Choppa,Camelot,['memphis hip hop'],5959073,73,148.759,2020-08-10,0.787,0.713,0.401,0.0849,0.0,0.717,0.761,175.046,hip hop
NLE Choppa,AIN'T GONNA ANSWER,['memphis hip hop'],5959073,73,187.453,2023-03-23,0.879,0.875,0.18,0.0808,0.0,0.327,0.763,95.021,hip hop
NLE Choppa,Self Esteem (featuring NLE Choppa),['memphis hip hop'],5959073,61,169.5,2023-02-10,0.366,0.699,0.0564,0.0135,0.0,0.135,0.062,97.201,hip hop
NLE Choppa,Final Warning,['memphis hip hop'],5959073,70,156.894,2021-04-30,0.847,0.912,0.257,0.0781,0.0,0.142,0.88,81.486,hip hop
NLE Choppa,23,['memphis hip hop'],5959073,70,260.53,2023-01-20,0.852,0.487,0.204,0.00424,2.18e-06,0.201,0.256,120.013,hip hop
DaBaby,Levitating (feat. DaBaby),"['north carolina hip hop', 'rap', 'trap']",10676141,84,203.064,2020-03-27,0.702,0.825,0.0601,0.00883,0.0,0.0674,0.915,102.977,hip hop
DaBaby,ROCKSTAR (feat. Roddy Ricch),"['north carolina hip hop', 'rap', 'trap']",10676141,78,181.733,2020-04-17,0.746,0.69,0.164,0.247,0.0,0.101,0.497,89.977,hip hop
DaBaby,Baby (Lil Baby feat. DaBaby),"['north carolina hip hop', 'rap', 'trap']",10676141,76,142.417,2019-08-16,0.97,0.463,0.366,0.0957,0.0,0.151,0.46,108.003,hip hop
DaBaby,BOP,"['north carolina hip hop', 'rap', 'trap']",10676141,75,159.714,2019-09-27,0.769,0.787,0.367,0.189,0.0,0.129,0.836,126.77,hip hop
DaBaby,Ball If I Want To,"['north carolina hip hop', 'rap', 'trap']",10676141,72,112.546,2021-06-18,0.902,0.669,0.457,0.161,0.0,0.0728,0.628,139.949,hip hop
DaBaby,Suge,"['north carolina hip hop', 'rap', 'trap']",10676141,71,163.32,2019-03-01,0.876,0.662,0.426,0.0608,0.0,0.127,0.844,75.445,hip hop
DaBaby,Bestie,"['north carolina hip hop', 'rap', 'trap']",10676141,70,111.97,2022-03-04,0.807,0.625,0.351,0.0741,0.0,0.487,0.871,146.031,hip hop
DaBaby,VIBEZ,"['north carolina hip hop', 'rap', 'trap']",10676141,69,144.935,2019-09-27,0.768,0.652,0.307,0.113,0.0,0.107,0.777,154.187,hip hop
DaBaby,Masterpiece,"['north carolina hip hop', 'rap', 'trap']",10676141,69,181.714,2021-01-15,0.781,0.726,0.0836,0.0299,0.0,0.093,0.436,139.988,hip hop
DaBaby,TOES (feat. Lil Baby & Moneybagg Yo),"['north carolina hip hop', 'rap', 'trap']",10676141,68,136.366,2019-09-27,0.816,0.582,0.341,0.0794,5.84e-06,0.0916,0.542,160.004,hip hop
Key Glock,Ambition For Cash,"['hip hop', 'memphis hip hop', 'rap', 'tennessee hip hop', 'trap']",1530304,76,143.48,2021-11-05,0.841,0.732,0.19,0.0115,2.18e-05,0.136,0.576,149.012,hip hop
Key Glock,Dirt,"['hip hop', 'memphis hip hop', 'rap', 'tennessee hip hop', 'trap']",1530304,67,199.293,2023-02-24,0.784,0.477,0.0628,0.002,4.49e-06,0.285,0.257,124.988,hip hop
Key Glock,Mr. Glock,"['hip hop', 'memphis hip hop', 'rap', 'tennessee hip hop', 'trap']",1530304,71,146.88,2020-01-31,0.804,0.946,0.352,0.002,0.0,0.359,0.745,150.141,hip hop
Key Glock,Russian Cream,"['hip hop', 'memphis hip hop', 'rap', 'tennessee hip hop', 'trap']",1530304,71,142.497,2018-02-02,0.867,0.774,0.315,0.11,0.0,0.157,0.549,130.007,hip hop
Key Glock,Gang Shit No Lame Shit,"['hip hop', 'memphis hip hop', 'rap', 'tennessee hip hop', 'trap']",1530304,71,131.6,2018-11-23,0.828,0.434,0.301,0.0394,0.0,0.0806,0.38,115.071,hip hop
Key Glock,Jigsaw,"['hip hop', 'memphis hip hop', 'rap', 'tennessee hip hop', 'trap']",1530304,65,152.893,2022-11-16,0.755,0.839,0.0667,0.00485,0.0,0.303,0.262,160.023,hip hop
Key Glock,Chromosomes,"['hip hop', 'memphis hip hop', 'rap', 'tennessee hip hop', 'trap']",1530304,67,151.08,2023-02-24,0.941,0.577,0.139,0.0261,5.64e-06,0.191,0.494,126.959,hip hop
Key Glock,Son Of A Gun,"['hip hop', 'memphis hip hop', 'rap', 'tennessee hip hop', 'trap']",1530304,68,106.826,2020-05-22,0.766,0.907,0.0356,0.00496,0.119,0.25,0.303,130.01,hip hop
Key Glock,Die Trying,"['hip hop', 'memphis hip hop', 'rap', 'tennessee hip hop', 'trap']",1530304,67,153.106,2022-11-17,0.911,0.462,0.285,0.155,0.0,0.143,0.626,145.951,hip hop
Key Glock,Work,"['hip hop', 'memphis hip hop', 'rap', 'tennessee hip hop', 'trap']",1530304,64,142.973,2023-02-24,0.943,0.729,0.313,0.00543,0.0,0.126,0.845,134.021,hip hop
NF,HOPE,"['hip hop', 'pop rap', 'rap']",8174020,83,264.473,2023-02-16,0.546,0.787,0.212,0.396,0.0,0.0619,0.497,100.559,hip hop
NF,Let You Down,"['hip hop', 'pop rap', 'rap']",8174020,81,212.12,2017-10-06,0.662,0.714,0.121,0.312,0.0,0.179,0.464,147.997,hip hop
NF,The Search,"['hip hop', 'pop rap', 'rap']",8174020,77,248.053,2019-07-26,0.789,0.789,0.298,0.598,0.0,0.099,0.37,119.95,hip hop
NF,MOTTO,"['hip hop', 'pop rap', 'rap']",8174020,79,217.271,2023-03-09,0.685,0.882,0.296,0.082,0.0,0.286,0.715,80.283,hip hop
NF,Lie,"['hip hop', 'pop rap', 'rap']",8174020,77,209.213,2017-10-06,0.513,0.661,0.24,0.161,0.0,0.246,0.179,94.791,hip hop
NF,When I Grow Up,"['hip hop', 'pop rap', 'rap']",8174020,75,196.8,2019-07-26,0.817,0.814,0.185,0.32,0.0,0.152,0.247,109.994,hip hop
NF,If You Want Love,"['hip hop', 'pop rap', 'rap']",8174020,75,199.386,2017-10-06,0.551,0.386,0.132,0.659,0.0,0.125,0.245,116.409,hip hop
NF,The Search - Edit,"['hip hop', 'pop rap', 'rap']",8174020,74,197.694,2019-06-07,0.831,0.851,0.207,0.552,0.0,0.106,0.496,119.958,hip hop
NF,Paralyzed,"['hip hop', 'pop rap', 'rap']",8174020,72,270.453,2015-03-31,0.51,0.643,0.0485,0.214,3.22e-06,0.101,0.0397,130.081,hip hop
NF,CLOUDS,"['hip hop', 'pop rap', 'rap']",8174020,70,243.76,2021-03-26,0.788,0.652,0.405,0.373,0.0,0.755,0.812,128.108,hip hop
Childish Gambino,Redbone,"['atl hip hop', 'hip hop', 'pop', 'rap']",10669827,84,326.933,2016-12-02,0.745,0.353,0.0983,0.174,0.00662,0.118,0.598,160.111,hip hop
Childish Gambino,Me and Your Mama,"['atl hip hop', 'hip hop', 'pop', 'rap']",10669827,83,379.226,2016-12-02,0.545,0.442,0.0352,0.0104,0.0271,0.0664,0.242,118.073,hip hop
Childish Gambino,Les,"['atl hip hop', 'hip hop', 'pop', 'rap']",10669827,82,317.293,2011-11-15,0.541,0.674,0.0841,0.00649,9.76e-05,0.235,0.123,103.139,hip hop
Childish Gambino,3005,"['atl hip hop', 'hip hop', 'pop', 'rap']",10669827,79,234.215,2013-12-10,0.664,0.447,0.289,0.112,0.0,0.091,0.659,83.138,hip hop
Childish Gambino,Heartbeat,"['atl hip hop', 'hip hop', 'pop', 'rap']",10669827,77,269.84,2011-11-15,0.8,0.545,0.127,0.00369,0.000461,0.0445,0.294,119.954,hip hop
Childish Gambino,III. Urn,"['atl hip hop', 'hip hop', 'pop', 'rap']",10669827,74,73.386,2013-12-10,0.59,0.446,0.0731,0.621,0.00235,0.0731,0.399,140.081,hip hop
Childish Gambino,Bonfire,"['atl hip hop', 'hip hop', 'pop', 'rap']",10669827,72,192.946,2011-11-15,0.506,0.745,0.332,0.0594,0.0,0.373,0.284,161.798,hip hop
Childish Gambino,This Is America,"['atl hip hop', 'hip hop', 'pop', 'rap']",10669827,71,225.773,2018-05-06,0.854,0.463,0.137,0.117,0.0,0.354,0.549,120.024,hip hop
Childish Gambino,Sober,"['atl hip hop', 'hip hop', 'pop', 'rap']",10669827,71,252.013,2014-10-03,0.701,0.591,0.0301,0.0979,2.53e-05,0.551,0.423,98.056,hip hop
Childish Gambino,IV. Sweatpants,"['atl hip hop', 'hip hop', 'pop', 'rap']",10669827,70,180.675,2013-12-10,0.712,0.463,0.143,0.152,0.0,0.642,0.593,80.029,hip hop
Baby Keem,family ties (with Kendrick Lamar),"['hip hop', 'rap']",1402518,81,252.262,2021-09-10,0.711,0.611,0.33,0.00588,0.0,0.23,0.144,134.093,hip hop
Baby Keem,HONEST,"['hip hop', 'rap']",1402518,81,172.672,2019-07-19,0.676,0.536,0.0432,0.403,3.37e-05,0.105,0.373,79.037,hip hop
Baby Keem,ORANGE SODA,"['hip hop', 'rap']",1402518,80,129.882,2019-07-19,0.83,0.564,0.235,0.177,0.0,0.128,0.107,85.042,hip hop
Baby Keem,16,"['hip hop', 'rap']",1402518,78,156.04,2021-09-10,0.701,0.782,0.138,0.0918,2.31e-06,0.124,0.57,94.03,hip hop
Baby Keem,lost souls (with Brent Faiyaz),"['hip hop', 'rap']",1402518,74,269.727,2021-09-22,0.649,0.347,0.404,0.485,3.24e-05,0.154,0.176,169.994,hip hop
Baby Keem,trademark usa,"['hip hop', 'rap']",1402518,73,270.67,2021-09-10,0.615,0.6,0.27,0.107,1.61e-06,0.283,0.0661,130.027,hip hop
Baby Keem,vent,"['hip hop', 'rap']",1402518,71,136.572,2021-09-10,0.896,0.377,0.0935,0.0123,1.43e-06,0.115,0.255,113.886,hip hop
Baby Keem,highway 95,"['hip hop', 'rap']",1402518,72,91.782,2022-10-28,0.77,0.836,0.065,0.0548,0.0,0.143,0.425,84.944,hip hop
Baby Keem,Savior,"['hip hop', 'rap']",1402518,71,224.466,2022-05-13,0.605,0.692,0.446,0.495,0.0,0.303,0.685,124.84,hip hop
Baby Keem,STATS,"['hip hop', 'rap']",1402518,70,169.828,2019-07-19,0.567,0.462,0.36,0.00192,3.57e-06,0.106,0.172,152.236,hip hop
Moneybagg Yo,Run It Up (feat. Offset & Moneybagg Yo),"['hip hop', 'memphis hip hop', 'rap', 'southern hip hop', 'tennessee hip hop', 'trap']",3579740,77,232.048,2021-04-02,0.88,0.575,0.163,0.415,0.0,0.109,0.671,120.031,hip hop
Moneybagg Yo,Quickie,"['hip hop', 'memphis hip hop', 'rap', 'southern hip hop', 'tennessee hip hop', 'trap']",3579740,73,187.826,2022-12-08,0.87,0.506,0.432,0.0901,0.0,0.145,0.347,137.921,hip hop
Moneybagg Yo,Time Today,"['hip hop', 'memphis hip hop', 'rap', 'southern hip hop', 'tennessee hip hop', 'trap']",3579740,70,136.899,2021-04-23,0.912,0.608,0.397,0.0458,0.0,0.248,0.327,136.994,hip hop
Moneybagg Yo,On Wat U On (with GloRilla),"['hip hop', 'memphis hip hop', 'rap', 'southern hip hop', 'tennessee hip hop', 'trap']",3579740,68,159.72,2023-01-12,0.894,0.528,0.466,0.0444,0.0,0.108,0.2,144.532,hip hop
Moneybagg Yo,Love It Here,"['hip hop', 'memphis hip hop', 'rap', 'southern hip hop', 'tennessee hip hop', 'trap']",3579740,68,89.616,2021-04-23,0.786,0.438,0.391,0.279,0.0,0.105,0.154,85.924,hip hop
Moneybagg Yo,Blow,"['hip hop', 'memphis hip hop', 'rap', 'southern hip hop', 'tennessee hip hop', 'trap']",3579740,68,182.533,2022-09-22,0.815,0.742,0.245,0.0579,0.0,0.345,0.584,137.036,hip hop
Moneybagg Yo,Me Vs Me,"['hip hop', 'memphis hip hop', 'rap', 'southern hip hop', 'tennessee hip hop', 'trap']",3579740,67,183.318,2020-05-15,0.853,0.821,0.209,0.205,0.0,0.209,0.625,130.999,hip hop
Moneybagg Yo,PTPOM 2.0,"['hip hop', 'memphis hip hop', 'rap', 'southern hip hop', 'tennessee hip hop', 'trap']",3579740,66,162.168,2022-02-25,0.85,0.559,0.346,0.075,0.0,0.225,0.479,165.968,hip hop
Moneybagg Yo,Wockesha,"['hip hop', 'memphis hip hop', 'rap', 'southern hip hop', 'tennessee hip hop', 'trap']",3579740,66,180.93,2021-04-23,0.582,0.537,0.619,0.129,0.0,0.0749,0.771,82.103,hip hop
Moneybagg Yo,See Wat I‚Äôm Sayin,"['hip hop', 'memphis hip hop', 'rap', 'southern hip hop', 'tennessee hip hop', 'trap']",3579740,66,146.732,2022-05-27,0.936,0.497,0.41,0.0324,0.0,0.111,0.364,138.016,hip hop
The Kid LAROI,STAY (with Justin Bieber),"['australian hip hop', 'pop']",4462229,85,141.805,2021-07-27,0.591,0.764,0.0483,0.0383,0.0,0.103,0.478,169.928,hip hop
The Kid LAROI,Love Again,"['australian hip hop', 'pop']",4462229,87,146.64,2023-01-27,0.662,0.398,0.0275,0.716,0.0,0.111,0.468,107.001,hip hop
The Kid LAROI,Thousand Miles,"['australian hip hop', 'pop']",4462229,79,164.781,2022-04-22,0.376,0.657,0.0768,0.0858,0.0,0.0884,0.203,80.565,hip hop
The Kid LAROI,WITHOUT YOU,"['australian hip hop', 'pop']",4462229,78,161.384,2021-07-27,0.662,0.413,0.0299,0.213,0.0,0.134,0.467,93.005,hip hop
The Kid LAROI,I GUESS IT'S LOVE?,"['australian hip hop', 'pop']",4462229,76,137.725,2023-02-24,0.595,0.823,0.0566,0.0662,0.0,0.569,0.435,155.005,hip hop
The Kid LAROI,Hate The Other Side (with Marshmello & The Kid Laroi),"['australian hip hop', 'pop']",4462229,74,160.212,2020-07-10,0.701,0.65,0.104,0.291,0.0,0.112,0.647,90.003,hip hop
The Kid LAROI,GO (feat. Juice WRLD),"['australian hip hop', 'pop']",4462229,73,181.688,2021-07-27,0.487,0.74,0.0944,0.157,0.0,0.612,0.522,73.779,hip hop
The Kid LAROI,SO DONE,"['australian hip hop', 'pop']",4462229,74,126.521,2021-07-27,0.719,0.598,0.077,0.232,0.0,0.115,0.303,142.592,hip hop
The Kid LAROI,WITHOUT YOU (with Miley Cyrus),"['australian hip hop', 'pop']",4462229,74,161.384,2021-04-30,0.655,0.469,0.0292,0.173,0.0,0.0956,0.467,92.56,hip hop
The Kid LAROI,"F*CK YOU, GOODBYE (feat. Machine Gun Kelly)","['australian hip hop', 'pop']",4462229,73,144.86,2021-07-27,0.721,0.632,0.0358,0.0693,0.0,0.291,0.296,92.057,hip hop
Wiz Khalifa,See You Again (feat. Charlie Puth),"['dance pop', 'hip hop', 'pittsburgh rap', 'pop rap', 'rap', 'southern hip hop', 'trap']",10973394,82,229.525,2015,0.689,0.481,0.0815,0.369,1.03e-06,0.0649,0.283,80.025,hip hop
Wiz Khalifa,"Young, Wild & Free (feat. Bruno Mars)","['dance pop', 'hip hop', 'pittsburgh rap', 'pop rap', 'rap', 'southern hip hop', 'trap']",10973394,68,207.346,2011-12-12,0.553,0.652,0.206,0.0897,0.0,0.111,0.551,94.505,hip hop
Wiz Khalifa,Black and Yellow,"['dance pop', 'hip hop', 'pittsburgh rap', 'pop rap', 'rap', 'southern hip hop', 'trap']",10973394,76,217.666,2011-03-29,0.684,0.834,0.0675,0.0646,0.0,0.271,0.538,164.02,hip hop
Wiz Khalifa,"Sucker for Pain (with Wiz Khalifa, Imagine Dragons, Logic & Ty Dolla $ign feat. X Ambassadors)","['dance pop', 'hip hop', 'pittsburgh rap', 'pop rap', 'rap', 'southern hip hop', 'trap']",10973394,75,243.49,2016-06-24,0.502,0.786,0.317,0.255,0.0,0.65,0.739,169.021,hip hop
Wiz Khalifa,The Thrill,"['dance pop', 'hip hop', 'pittsburgh rap', 'pop rap', 'rap', 'southern hip hop', 'trap']",10973394,66,234.333,2020-11-11,0.817,0.775,0.108,0.277,0.0,0.108,0.806,126.984,hip hop
Wiz Khalifa,We Own It (Fast & Furious),"['dance pop', 'hip hop', 'pittsburgh rap', 'pop rap', 'rap', 'southern hip hop', 'trap']",10973394,70,227.906,2013-01-01,0.563,0.902,0.402,0.0545,0.0,0.0524,0.559,171.999,hip hop
Wiz Khalifa,Hopeless Romantic (feat. Swae Lee),"['dance pop', 'hip hop', 'pittsburgh rap', 'pop rap', 'rap', 'southern hip hop', 'trap']",10973394,66,226.742,2018-07-13,0.877,0.477,0.0587,0.307,0.0,0.0929,0.552,127.023,hip hop
Wiz Khalifa,So High (feat. Ghost Loft),"['dance pop', 'hip hop', 'pittsburgh rap', 'pop rap', 'rap', 'southern hip hop', 'trap']",10973394,66,249.287,2014-08-19,0.628,0.629,0.0485,0.118,0.0,0.102,0.3,157.99,hip hop
Wiz Khalifa,No Sleep,"['dance pop', 'hip hop', 'pittsburgh rap', 'pop rap', 'rap', 'southern hip hop', 'trap']",10973394,65,191.32,2011-03-29,0.653,0.711,0.0623,0.109,0.0,0.443,0.769,160.048,hip hop
Wiz Khalifa,We Dem Boyz,"['dance pop', 'hip hop', 'pittsburgh rap', 'pop rap', 'rap', 'southern hip hop', 'trap']",10973394,64,224.933,2014-08-19,0.717,0.862,0.054,0.00689,0.0,0.321,0.52,130.021,hip hop
Ty Dolla $ign,"Or Nah (feat. The Weeknd, Wiz Khalifa & DJ Mustard) - Remix","['dance pop', 'hip hop', 'pop', 'pop rap', 'r&b', 'southern hip hop', 'trap', 'trap soul']",4566324,81,242.983,2014-06-10,0.805,0.33,0.1,0.22,0.0,0.105,0.211,121.97,hip hop
Ty Dolla $ign,WUSYANAME (feat. Youngboy Never Broke Again & Ty Dolla $ign),"['dance pop', 'hip hop', 'pop', 'pop rap', 'r&b', 'southern hip hop', 'trap', 'trap soul']",4566324,76,121.572,2021-06-25,0.493,0.653,0.0466,0.269,0.0,0.511,0.852,142.347,hip hop
Ty Dolla $ign,Nights Like This (feat. Ty Dolla $ign),"['dance pop', 'hip hop', 'pop', 'pop rap', 'r&b', 'southern hip hop', 'trap', 'trap soul']",4566324,76,201.787,2019-02-22,0.61,0.725,0.15,0.367,0.0,0.154,0.291,146.163,hip hop
Ty Dolla $ign,Swalla (feat. Nicki Minaj & Ty Dolla $ign),"['dance pop', 'hip hop', 'pop', 'pop rap', 'r&b', 'southern hip hop', 'trap', 'trap soul']",4566324,75,216.408,2017-02-23,0.696,0.817,0.109,0.075,0.0,0.187,0.782,98.064,hip hop
Ty Dolla $ign,Chosen (feat. Ty Dolla $ign),"['dance pop', 'hip hop', 'pop', 'pop rap', 'r&b', 'southern hip hop', 'trap', 'trap soul']",4566324,74,161.684,2020-12-04,0.571,0.767,0.287,0.336,0.0,0.0809,0.605,93.421,hip hop
Ty Dolla $ign,OTW,"['dance pop', 'hip hop', 'pop', 'pop rap', 'r&b', 'southern hip hop', 'trap', 'trap soul']",4566324,72,263.013,2018-04-20,0.652,0.678,0.0541,0.183,3.26e-05,0.106,0.28,72.989,hip hop
Ty Dolla $ign,Spicy (feat. Post Malone),"['dance pop', 'hip hop', 'pop', 'pop rap', 'r&b', 'southern hip hop', 'trap', 'trap soul']",4566324,71,143.375,2020-10-23,0.782,0.51,0.0419,0.143,0.0,0.115,0.118,99.993,hip hop
Ty Dolla $ign,Scared of the Dark (feat. XXXTENTACION),"['dance pop', 'hip hop', 'pop', 'pop rap', 'r&b', 'southern hip hop', 'trap', 'trap soul']",4566324,68,233.0,2018-12-14,0.443,0.623,0.0718,0.0468,0.0,0.247,0.156,79.365,hip hop
Ty Dolla $ign,Hot Girl Summer (feat. Nicki Minaj & Ty Dolla $ign),"['dance pop', 'hip hop', 'pop', 'pop rap', 'r&b', 'southern hip hop', 'trap', 'trap soul']",4566324,66,199.427,2019-08-09,0.872,0.814,0.155,0.00485,1.96e-06,0.214,0.57,98.985,hip hop
Ty Dolla $ign,My Friends (feat. Lil Durk),"['dance pop', 'hip hop', 'pop', 'pop rap', 'r&b', 'southern hip hop', 'trap', 'trap soul']",4566324,65,158.167,2022-10-05,0.633,0.478,0.044,0.0558,0.0,0.202,0.441,169.961,hip hop
50 Cent,In Da Club,"['east coast hip hop', 'gangster rap', 'hip hop', 'pop rap', 'queens hip hop', 'rap']",10648010,76,193.466,2003-02-06,0.902,0.72,0.347,0.26,0.0,0.0749,0.805,90.059,hip hop
50 Cent,Candy Shop,"['east coast hip hop', 'gangster rap', 'hip hop', 'pop rap', 'queens hip hop', 'rap']",10648010,80,209.106,2005-03-03,0.614,0.574,0.466,0.0253,3.2e-05,0.38,0.755,125.173,hip hop
50 Cent,P.I.M.P.,"['east coast hip hop', 'gangster rap', 'hip hop', 'pop rap', 'queens hip hop', 'rap']",10648010,70,249.466,2003-02-06,0.7,0.758,0.342,0.0444,1.3e-05,0.0401,0.889,78.693,hip hop
50 Cent,Many Men (Wish Death),"['east coast hip hop', 'gangster rap', 'hip hop', 'pop rap', 'queens hip hop', 'rap']",10648010,72,256.226,2003-02-06,0.653,0.826,0.354,0.0153,0.00146,0.131,0.416,108.52,hip hop
50 Cent,21 Questions,"['east coast hip hop', 'gangster rap', 'hip hop', 'pop rap', 'queens hip hop', 'rap']",10648010,74,224.426,2003-02-06,0.576,0.807,0.317,0.353,0.000363,0.0512,0.908,90.012,hip hop
50 Cent,Just A Lil Bit,"['east coast hip hop', 'gangster rap', 'hip hop', 'pop rap', 'queens hip hop', 'rap']",10648010,78,237.706,2005-03-03,0.489,0.692,0.41,0.0322,0.00608,0.315,0.527,96.946,hip hop
50 Cent,Si Salimos,"['east coast hip hop', 'gangster rap', 'hip hop', 'pop rap', 'queens hip hop', 'rap']",10648010,77,201.535,2023-03-17,0.669,0.788,0.166,0.163,0.0,0.0426,0.812,81.032,hip hop
50 Cent,If I Can't,"['east coast hip hop', 'gangster rap', 'hip hop', 'pop rap', 'queens hip hop', 'rap']",10648010,64,196.64,2003-02-06,0.892,0.631,0.302,0.244,0.0,0.0235,0.838,93.975,hip hop
50 Cent,Disco Inferno,"['east coast hip hop', 'gangster rap', 'hip hop', 'pop rap', 'queens hip hop', 'rap']",10648010,74,214.226,2005-03-03,0.925,0.659,0.231,0.206,7.88e-05,0.279,0.71,97.018,hip hop
50 Cent,Best Friend - Remix,"['east coast hip hop', 'gangster rap', 'hip hop', 'pop rap', 'queens hip hop', 'rap']",10648010,59,254.493,2006-01-01,0.545,0.64,0.308,0.368,0.0,0.111,0.574,181.733,hip hop
Gorillaz,Tormenta (feat. Bad Bunny),['alternative hip hop'],10263743,89,193.463,2023-02-24,0.637,0.768,0.056,0.458,0.00192,0.378,0.297,94.982,hip hop
Gorillaz,Feel Good Inc.,['alternative hip hop'],10263743,84,222.64,2005-05-23,0.818,0.705,0.177,0.00836,0.00233,0.613,0.772,138.559,hip hop
Gorillaz,Clint Eastwood,['alternative hip hop'],10263743,71,340.92,2001,0.663,0.694,0.171,0.0253,0.0,0.0698,0.525,167.953,hip hop
Gorillaz,New Gold (feat. Tame Impala and Bootie Brown),['alternative hip hop'],10263743,73,215.149,2023-02-24,0.695,0.923,0.0522,0.0425,0.0469,0.116,0.551,108.014,hip hop
Gorillaz,Rhinestone Eyes,['alternative hip hop'],10263743,78,200.173,2010-03-03,0.676,0.703,0.0302,0.0869,0.000687,0.0463,0.852,92.761,hip hop
Gorillaz,On Melancholy Hill,['alternative hip hop'],10263743,78,233.866,2010-03-03,0.689,0.739,0.026,1.51e-05,0.509,0.064,0.578,120.423,hip hop
Gorillaz,Cracker Island (feat. Thundercat),['alternative hip hop'],10263743,68,213.75,2023-02-24,0.741,0.913,0.0465,0.00343,0.103,0.325,0.643,120.012,hip hop
Gorillaz,DARE,['alternative hip hop'],10263743,76,244.999,2005-05-23,0.76,0.891,0.0372,0.0229,0.0869,0.298,0.966,120.264,hip hop
Gorillaz,Silent Running (feat. Adeleye Omotayo),['alternative hip hop'],10263743,69,266.338,2023-02-24,0.659,0.901,0.0359,0.0614,9.17e-05,0.182,0.776,106.997,hip hop
Gorillaz,Controllah (feat. MC Bin Laden),['alternative hip hop'],10263743,74,150.316,2023-02-27,0.777,0.895,0.0403,0.231,2.45e-06,0.209,0.715,104.968,hip hop
Big Sean,"Feels (feat. Pharrell Williams, Katy Perry & Big Sean)","['detroit hip hop', 'hip hop', 'pop', 'pop rap', 'r&b', 'rap', 'southern hip hop', 'trap']",10672982,77,223.413,2017-06-30,0.893,0.745,0.0571,0.0642,0.0,0.0943,0.872,101.018,hip hop
Big Sean,Beware,"['detroit hip hop', 'hip hop', 'pop', 'pop rap', 'r&b', 'rap', 'southern hip hop', 'trap']",10672982,72,235.186,2013-01-01,0.7,0.554,0.187,0.219,1.36e-06,0.419,0.0633,97.127,hip hop
Big Sean,I Don't Fuck With You,"['detroit hip hop', 'hip hop', 'pop', 'pop rap', 'r&b', 'rap', 'southern hip hop', 'trap']",10672982,74,284.386,2015-02-24,0.824,0.733,0.0613,0.0362,0.0,0.325,0.395,97.972,hip hop
Big Sean,I Know,"['detroit hip hop', 'hip hop', 'pop', 'pop rap', 'r&b', 'rap', 'southern hip hop', 'trap']",10672982,74,319.973,2015-02-24,0.733,0.334,0.0811,0.327,0.0,0.116,0.267,119.935,hip hop
Big Sean,Wolves (feat. Post Malone),"['detroit hip hop', 'hip hop', 'pop', 'pop rap', 'r&b', 'rap', 'southern hip hop', 'trap']",10672982,73,199.758,2020-09-04,0.724,0.675,0.0867,0.0978,9.41e-06,0.351,0.325,160.048,hip hop
Big Sean,Bounce Back,"['detroit hip hop', 'hip hop', 'pop', 'pop rap', 'r&b', 'rap', 'southern hip hop', 'trap']",10672982,69,222.36,2017-02-03,0.78,0.575,0.139,0.106,0.0,0.129,0.273,81.502,hip hop
Big Sean,"Palisades, CA","['detroit hip hop', 'hip hop', 'pop', 'pop rap', 'r&b', 'rap', 'southern hip hop', 'trap']",10672982,59,194.453,2023-03-31,0.75,0.75,0.264,0.0924,0.000452,0.373,0.711,130.042,hip hop
Big Sean,Don't Like.1,"['detroit hip hop', 'hip hop', 'pop', 'pop rap', 'r&b', 'rap', 'southern hip hop', 'trap']",10672982,63,283.653,2022-04-01,0.657,0.611,0.225,0.00937,0.0,0.146,0.616,132.062,hip hop
Big Sean,Anthem (with Big Sean & EST Gee) - Soundtrack Version,"['detroit hip hop', 'hip hop', 'pop', 'pop rap', 'r&b', 'rap', 'southern hip hop', 'trap']",10672982,66,125.885,2023-03-03,0.62,0.742,0.253,0.175,0.0,0.231,0.41,94.591,hip hop
Big Sean,Clique,"['detroit hip hop', 'hip hop', 'pop', 'pop rap', 'r&b', 'rap', 'southern hip hop', 'trap']",10672982,65,293.613,2012-01-01,0.66,0.539,0.324,0.0534,0.0,0.222,0.307,109.318,hip hop
Gucci Mane,Wake Up in the Sky,"['atl hip hop', 'dirty south rap', 'gangster rap', 'hip hop', 'pop rap', 'rap', 'southern hip hop', 'trap']",4758571,71,203.161,2018-12-07,0.8,0.578,0.0485,0.00381,0.0,0.367,0.367,143.01,hip hop
Gucci Mane,King Snipe,"['atl hip hop', 'dirty south rap', 'gangster rap', 'hip hop', 'pop rap', 'rap', 'southern hip hop', 'trap']",4758571,73,214.593,2023-01-13,0.818,0.526,0.277,0.0103,0.0,0.146,0.531,125.061,hip hop
Gucci Mane,I Get the Bag (feat. Migos),"['atl hip hop', 'dirty south rap', 'gangster rap', 'hip hop', 'pop rap', 'rap', 'southern hip hop', 'trap']",4758571,72,233.087,2017-10-13,0.89,0.633,0.168,0.0232,0.000343,0.0993,0.425,139.948,hip hop
Gucci Mane,Rumors (feat. Lil Durk),"['atl hip hop', 'dirty south rap', 'gangster rap', 'hip hop', 'pop rap', 'rap', 'southern hip hop', 'trap']",4758571,61,185.855,2022-06-17,0.688,0.842,0.264,0.0499,0.0,0.241,0.416,159.897,hip hop
Gucci Mane,06 Gucci (feat. DaBaby & 21 Savage),"['atl hip hop', 'dirty south rap', 'gangster rap', 'hip hop', 'pop rap', 'rap', 'southern hip hop', 'trap']",4758571,68,178.95,2023-03-31,0.786,0.719,0.296,0.252,0.0,0.301,0.802,130.081,hip hop
Gucci Mane,Both (feat. Drake),"['atl hip hop', 'dirty south rap', 'gangster rap', 'hip hop', 'pop rap', 'rap', 'southern hip hop', 'trap']",4758571,68,190.311,2016-12-16,0.85,0.405,0.225,0.119,0.000118,0.0707,0.344,139.976,hip hop
Gucci Mane,Champions,"['atl hip hop', 'dirty south rap', 'gangster rap', 'hip hop', 'pop rap', 'rap', 'southern hip hop', 'trap']",4758571,65,334.253,2016-06-10,0.692,0.774,0.0876,0.0623,0.0,0.873,0.349,134.952,hip hop
Gucci Mane,Us vs. Them (feat Gucci Mane),"['atl hip hop', 'dirty south rap', 'gangster rap', 'hip hop', 'pop rap', 'rap', 'southern hip hop', 'trap']",4758571,55,216.0,2022-10-07,0.729,0.482,0.0806,0.00154,3.23e-06,0.161,0.292,150.004,hip hop
Gucci Mane,We Steady Mobbin (feat. Lil Wayne),"['atl hip hop', 'dirty south rap', 'gangster rap', 'hip hop', 'pop rap', 'rap', 'southern hip hop', 'trap']",4758571,41,307.774,2015-12-11,0.67,0.706,0.255,0.0298,0.0,0.291,0.734,156.144,hip hop
Gucci Mane,Trappin N Rappin (feat. Gucci Mane),"['atl hip hop', 'dirty south rap', 'gangster rap', 'hip hop', 'pop rap', 'rap', 'southern hip hop', 'trap']",4758571,63,177.983,2023-02-17,0.799,0.603,0.129,0.0368,0.0,0.188,0.282,124.054,hip hop
Bryson Tiller,Don't,"['kentucky hip hop', 'pop', 'r&b', 'rap', 'trap']",6766853,83,198.293,2015-10-02,0.765,0.356,0.195,0.223,0.0,0.0963,0.189,96.991,hip hop
Bryson Tiller,Exchange,"['kentucky hip hop', 'pop', 'r&b', 'rap', 'trap']",6766853,79,194.613,2015-10-02,0.525,0.433,0.185,0.107,0.0,0.135,0.276,160.108,hip hop
Bryson Tiller,Playing Games (with Bryson Tiller) - Extended Version,"['kentucky hip hop', 'pop', 'r&b', 'rap', 'trap']",6766853,78,143.226,2019-10-04,0.726,0.408,0.0614,0.603,0.0,0.225,0.459,115.918,hip hop
Bryson Tiller,Right My Wrongs,"['kentucky hip hop', 'pop', 'r&b', 'rap', 'trap']",6766853,76,249.32,2015-10-02,0.543,0.449,0.0463,0.345,0.0,0.157,0.29,132.609,hip hop
Bryson Tiller,Sorrows,"['kentucky hip hop', 'pop', 'r&b', 'rap', 'trap']",6766853,74,193.702,2020-10-02,0.633,0.793,0.182,0.148,0.0,0.867,0.761,109.093,hip hop
Bryson Tiller,We Might Even Be Falling In Love (Duet) - Spotify Singles,"['kentucky hip hop', 'pop', 'r&b', 'rap', 'trap']",6766853,73,90.11,2023-02-14,0.731,0.423,0.0784,0.473,0.000413,0.129,0.78,76.964,hip hop
Bryson Tiller,Playing Games (with Bryson Tiller) - Extended Version,"['kentucky hip hop', 'pop', 'r&b', 'rap', 'trap']",6766853,47,143.226,2020-11-20,0.727,0.408,0.0622,0.603,0.0,0.225,0.458,115.921,hip hop
Bryson Tiller,What Would You Do?,"['kentucky hip hop', 'pop', 'r&b', 'rap', 'trap']",6766853,71,174.215,2022-03-18,0.687,0.895,0.0474,0.149,0.00592,0.121,0.686,124.041,hip hop
Bryson Tiller,Let Em' Know,"['kentucky hip hop', 'pop', 'r&b', 'rap', 'trap']",6766853,69,261.88,2015-10-02,0.489,0.406,0.232,0.0336,0.0,0.344,0.178,110.551,hip hop
Bryson Tiller,Outta Time (feat. Drake),"['kentucky hip hop', 'pop', 'r&b', 'rap', 'trap']",6766853,68,198.821,2020-10-02,0.714,0.582,0.0808,0.0129,0.0,0.0774,0.338,92.819,hip hop
Logic,1-800-273-8255,"['conscious hip hop', 'dmv rap', 'hip hop', 'pop rap', 'rap']",5878750,76,250.173,2017-05-05,0.62,0.574,0.0479,0.569,0.0,0.19,0.357,100.023,hip hop
Logic,"Self Medication (feat. Seth MacFarlane, Redman, & Statik Selektah)","['conscious hip hop', 'dmv rap', 'hip hop', 'pop rap', 'rap']",5878750,76,315.102,2023-02-24,0.655,0.881,0.431,0.626,0.0,0.125,0.651,92.118,hip hop
Logic,Homicide (feat. Eminem),"['conscious hip hop', 'dmv rap', 'hip hop', 'pop rap', 'rap']",5878750,73,245.386,2019-05-10,0.694,0.759,0.398,0.137,0.0,0.167,0.77,140.055,hip hop
Logic,Ballin,"['conscious hip hop', 'dmv rap', 'hip hop', 'pop rap', 'rap']",5878750,69,166.08,2018-06-15,0.737,0.854,0.221,0.0475,0.0,0.0905,0.65,150.621,hip hop
Logic,Everyday,"['conscious hip hop', 'dmv rap', 'hip hop', 'pop rap', 'rap']",5878750,67,204.746,2018-03-09,0.667,0.741,0.0378,0.0425,0.0,0.0761,0.422,149.908,hip hop
Logic,Perfect,"['conscious hip hop', 'dmv rap', 'hip hop', 'pop rap', 'rap']",5878750,67,100.291,2020-07-24,0.769,0.829,0.0661,0.00948,6.65e-05,0.301,0.648,159.943,hip hop
Logic,Wake Up (feat. Lucy Rose),"['conscious hip hop', 'dmv rap', 'hip hop', 'pop rap', 'rap']",5878750,64,178.181,2023-02-24,0.719,0.861,0.177,0.0679,0.0,0.185,0.581,131.966,hip hop
Logic,Shimmy (feat. Joey Bada$$),"['conscious hip hop', 'dmv rap', 'hip hop', 'pop rap', 'rap']",5878750,67,155.843,2023-02-24,0.762,0.681,0.285,0.147,0.0,0.149,0.433,154.089,hip hop
Logic,Lightsabers (feat. C Dot Castro),"['conscious hip hop', 'dmv rap', 'hip hop', 'pop rap', 'rap']",5878750,65,290.844,2023-02-24,0.545,0.767,0.217,0.358,0.0,0.558,0.938,139.118,hip hop
Logic,44 More,"['conscious hip hop', 'dmv rap', 'hip hop', 'pop rap', 'rap']",5878750,66,188.6,2018-03-09,0.824,0.584,0.221,0.0718,0.0,0.106,0.219,139.965,hip hop
Lil Yachty,drive ME crazy!,"['atl hip hop', 'melodic rap', 'rap', 'trap']",8886285,75,229.804,2023-01-27,0.492,0.807,0.0854,0.205,0.00275,0.384,0.477,107.087,hip hop
Lil Yachty,Poland,"['atl hip hop', 'melodic rap', 'rap', 'trap']",8886285,75,83.2,2022-10-11,0.695,0.555,0.0509,0.141,0.826,0.11,0.26,150.024,hip hop
Lil Yachty,NBAYOUNGBOAT,"['atl hip hop', 'melodic rap', 'rap', 'trap']",8886285,71,139.845,2018-03-09,0.769,0.807,0.306,0.0515,0.0,0.111,0.364,82.422,hip hop
Lil Yachty,Yacht Club (feat. Juice WRLD),"['atl hip hop', 'melodic rap', 'rap', 'trap']",8886285,71,166.343,2018-10-19,0.721,0.508,0.394,0.317,0.0,0.153,0.457,159.911,hip hop
Lil Yachty,the BLACK seminole.,"['atl hip hop', 'melodic rap', 'rap', 'trap']",8886285,69,411.912,2023-01-27,0.302,0.557,0.0326,0.063,0.344,0.118,0.103,113.563,hip hop
Lil Yachty,Coffin,"['atl hip hop', 'melodic rap', 'rap', 'trap']",8886285,67,89.535,2020-11-27,0.92,0.547,0.272,0.0241,1.45e-06,0.0998,0.606,138.05,hip hop
Lil Yachty,pRETTy,"['atl hip hop', 'melodic rap', 'rap', 'trap']",8886285,68,162.208,2023-01-27,0.44,0.661,0.124,0.418,0.00264,0.621,0.61,127.892,hip hop
Lil Yachty,the ride-,"['atl hip hop', 'melodic rap', 'rap', 'trap']",8886285,67,190.581,2023-01-27,0.414,0.791,0.0661,0.381,0.00102,0.375,0.588,151.895,hip hop
Lil Yachty,running out of time,"['atl hip hop', 'melodic rap', 'rap', 'trap']",8886285,67,269.244,2023-01-27,0.651,0.72,0.161,0.331,0.413,0.528,0.705,90.024,hip hop
Lil Yachty,sAy sOMETHINg,"['atl hip hop', 'melodic rap', 'rap', 'trap']",8886285,65,212.903,2023-01-27,0.593,0.648,0.142,0.0791,0.014,0.0887,0.472,154.027,hip hop
Daddy Yankee,PANTIES Y BRASIERES,"['latin hip hop', 'reggaeton', 'urbano latino']",32136832,74,197.383,2023-01-24,0.758,0.888,0.0706,0.34,0.00139,0.144,0.408,107.039,hip hop
Daddy Yankee,ULALA (OOH LA LA),"['latin hip hop', 'reggaeton', 'urbano latino']",32136832,67,188.009,2023-03-23,0.872,0.681,0.11,0.0462,1.38e-05,0.129,0.481,96.986,hip hop
Daddy Yankee,La Santa,"['latin hip hop', 'reggaeton', 'urbano latino']",32136832,82,206.42,2020-02-29,0.744,0.868,0.047,0.0326,0.0,0.0822,0.586,93.037,hip hop
Daddy Yankee,Gasolina,"['latin hip hop', 'reggaeton', 'urbano latino']",32136832,81,192.6,2004-07-13,0.852,0.797,0.0614,0.322,2.69e-06,0.0845,0.741,96.008,hip hop
Daddy Yankee,Despacito,"['latin hip hop', 'reggaeton', 'urbano latino']",32136832,80,229.36,2019-02-01,0.655,0.797,0.153,0.198,0.0,0.067,0.839,177.928,hip hop
Daddy Yankee,"Lo Que Pas√≥, Pas√≥","['latin hip hop', 'reggaeton', 'urbano latino']",32136832,80,210.933,2004-07-13,0.819,0.741,0.0412,0.104,0.0,0.283,0.84,97.014,hip hop
Daddy Yankee,LA HORA Y EL D√çA,"['latin hip hop', 'reggaeton', 'urbano latino']",32136832,79,217.254,2023-02-16,0.806,0.83,0.0981,0.117,0.0,0.101,0.663,81.01,hip hop
Daddy Yankee,Con Calma,"['latin hip hop', 'reggaeton', 'urbano latino']",32136832,79,193.226,2019-01-24,0.737,0.86,0.0593,0.11,1.94e-06,0.0574,0.656,93.989,hip hop
Daddy Yankee,Soltera - Remix,"['latin hip hop', 'reggaeton', 'urbano latino']",32136832,75,266.086,2019-10-25,0.795,0.783,0.0432,0.361,0.0,0.437,0.799,92.01,hip hop
Daddy Yankee,X √öLTIMA VEZ,"['latin hip hop', 'reggaeton', 'urbano latino']",32136832,78,192.477,2022-03-25,0.812,0.855,0.0554,0.0789,0.000167,0.108,0.573,90.04,hip hop
Jack Harlow,INDUSTRY BABY (feat. Jack Harlow),"['deep underground hip hop', 'kentucky hip hop', 'pop', 'rap']",2834526,79,212.352,2021-09-17,0.741,0.691,0.0672,0.0221,0.0,0.0476,0.892,150.087,hip hop
Jack Harlow,First Class,"['deep underground hip hop', 'kentucky hip hop', 'pop', 'rap']",2834526,83,173.947,2022-05-06,0.902,0.582,0.109,0.111,3.18e-06,0.111,0.332,107.005,hip hop
Jack Harlow,Tyler Herro,"['deep underground hip hop', 'kentucky hip hop', 'pop', 'rap']",2834526,75,156.578,2020-12-11,0.792,0.793,0.0841,0.0872,0.0,0.22,0.775,123.031,hip hop
Jack Harlow,"Whats Poppin (feat. DaBaby, Tory Lanez & Lil Wayne) [Remix] - Bonus Track","['deep underground hip hop', 'kentucky hip hop', 'pop', 'rap']",2834526,68,227.478,2020-12-11,0.904,0.723,0.26,0.0631,0.0,0.185,0.835,145.013,hip hop
Jack Harlow,WHATS POPPIN,"['deep underground hip hop', 'kentucky hip hop', 'pop', 'rap']",2834526,76,139.741,2020-03-13,0.923,0.604,0.245,0.017,0.0,0.272,0.826,145.062,hip hop
Jack Harlow,Dua Lipa,"['deep underground hip hop', 'kentucky hip hop', 'pop', 'rap']",2834526,75,135.053,2022-05-06,0.833,0.652,0.0762,0.00161,0.0985,0.106,0.405,158.022,hip hop
Jack Harlow,Nail Tech,"['deep underground hip hop', 'kentucky hip hop', 'pop', 'rap']",2834526,66,206.385,2022-05-06,0.677,0.557,0.0694,0.00508,8.36e-06,0.0984,0.1,150.127,hip hop
Jack Harlow,Churchill Downs (feat. Drake),"['deep underground hip hop', 'kentucky hip hop', 'pop', 'rap']",2834526,72,309.327,2022-05-06,0.71,0.522,0.36,0.615,0.0,0.11,0.37,96.448,hip hop
Jack Harlow,I WANNA SEE SOME ASS (feat. jetsonmade),"['deep underground hip hop', 'kentucky hip hop', 'pop', 'rap']",2834526,72,125.302,2020-03-13,0.899,0.691,0.0497,0.18,0.000451,0.135,0.865,107.951,hip hop
Jack Harlow,Already Best Friends (feat. Chris Brown),"['deep underground hip hop', 'kentucky hip hop', 'pop', 'rap']",2834526,70,197.031,2020-12-11,0.873,0.575,0.0702,0.0891,0.0,0.108,0.872,103.005,hip hop
Young Dolph,1 Scale (feat. G Herbo),"['gangster rap', 'hip hop', 'memphis hip hop', 'rap', 'southern hip hop', 'tennessee hip hop', 'trap']",2444351,68,176.04,2020-08-14,0.878,0.635,0.24,0.0289,0.0,0.276,0.331,135.035,hip hop
Young Dolph,Get Away,"['gangster rap', 'hip hop', 'memphis hip hop', 'rap', 'southern hip hop', 'tennessee hip hop', 'trap']",2444351,62,181.546,2022-12-16,0.843,0.626,0.0527,0.0403,8.78e-05,0.127,0.228,140.064,hip hop
Young Dolph,Major (feat. Key Glock),"['gangster rap', 'hip hop', 'memphis hip hop', 'rap', 'southern hip hop', 'tennessee hip hop', 'trap']",2444351,67,195.546,2018-09-21,0.907,0.651,0.312,0.0111,0.000433,0.108,0.637,147.026,hip hop
Young Dolph,Love For The Streets,"['gangster rap', 'hip hop', 'memphis hip hop', 'rap', 'southern hip hop', 'tennessee hip hop', 'trap']",2444351,67,186.2,2022-12-16,0.799,0.733,0.216,0.172,1.7e-05,0.332,0.753,146.051,hip hop
Young Dolph,100 Shots,"['gangster rap', 'hip hop', 'memphis hip hop', 'rap', 'southern hip hop', 'tennessee hip hop', 'trap']",2444351,67,264.818,2017-04-01,0.798,0.668,0.25,0.135,4.6e-06,0.0583,0.154,134.006,hip hop
Young Dolph,Thats How,"['gangster rap', 'hip hop', 'memphis hip hop', 'rap', 'southern hip hop', 'tennessee hip hop', 'trap']",2444351,64,179.106,2022-12-16,0.852,0.648,0.0818,0.114,0.0,0.353,0.267,123.996,hip hop
Young Dolph,To Be Honest,"['gangster rap', 'hip hop', 'memphis hip hop', 'rap', 'southern hip hop', 'tennessee hip hop', 'trap']",2444351,64,159.013,2020-08-14,0.794,0.718,0.126,0.0139,0.0,0.201,0.651,164.0,hip hop
Young Dolph,No Sense (feat. Key Glock),"['gangster rap', 'hip hop', 'memphis hip hop', 'rap', 'southern hip hop', 'tennessee hip hop', 'trap']",2444351,63,140.466,2020-08-14,0.945,0.662,0.24,0.0326,1.17e-05,0.124,0.782,124.01,hip hop
Young Dolph,On the River (feat. Wiz Khalifa),"['gangster rap', 'hip hop', 'memphis hip hop', 'rap', 'southern hip hop', 'tennessee hip hop', 'trap']",2444351,63,198.427,2017-02-03,0.865,0.39,0.127,0.473,0.0,0.0954,0.105,139.996,hip hop
Young Dolph,I See $'s,"['gangster rap', 'hip hop', 'memphis hip hop', 'rap', 'southern hip hop', 'tennessee hip hop', 'trap']",2444351,62,159.04,2020-08-14,0.895,0.611,0.106,0.116,0.0,0.119,0.21,135.948,hip hop
Offset,Ric Flair Drip (with Metro Boomin),"['atl hip hop', 'hip hop', 'pop rap', 'rap', 'southern hip hop', 'trap']",2698030,83,172.8,2017-10-30,0.88,0.428,0.206,0.149,5.05e-05,0.114,0.333,100.007,hip hop
Offset,Run It Up (feat. Offset & Moneybagg Yo),"['atl hip hop', 'hip hop', 'pop rap', 'rap', 'southern hip hop', 'trap']",2698030,77,232.048,2021-04-02,0.88,0.575,0.163,0.415,0.0,0.109,0.671,120.031,hip hop
Offset,Ghostface Killers (feat. Travis Scott),"['atl hip hop', 'hip hop', 'pop rap', 'rap', 'southern hip hop', 'trap']",2698030,71,268.933,2017-10-30,0.782,0.435,0.156,0.333,1.31e-05,0.342,0.242,82.996,hip hop
Offset,Clout (feat. Cardi B),"['atl hip hop', 'hip hop', 'pop rap', 'rap', 'southern hip hop', 'trap']",2698030,69,205.803,2019-02-22,0.919,0.622,0.0997,0.228,4.24e-06,0.122,0.424,140.022,hip hop
Offset,Rap Saved Me (feat. Quavo),"['atl hip hop', 'hip hop', 'pop rap', 'rap', 'southern hip hop', 'trap']",2698030,66,257.6,2017-10-30,0.845,0.399,0.312,0.00525,0.741,0.102,0.148,143.049,hip hop
Offset,Violation Freestyle,"['atl hip hop', 'hip hop', 'pop rap', 'rap', 'southern hip hop', 'trap']",2698030,66,104.863,2017-12-08,0.908,0.542,0.295,0.408,0.0,0.179,0.266,128.02,hip hop
Offset,MOMMA,"['atl hip hop', 'hip hop', 'pop rap', 'rap', 'southern hip hop', 'trap']",2698030,65,198.294,2023-03-03,0.833,0.472,0.0755,0.188,0.0125,0.194,0.0993,113.968,hip hop
Offset,CODE (feat. Moneybagg Yo),"['atl hip hop', 'hip hop', 'pop rap', 'rap', 'southern hip hop', 'trap']",2698030,64,192.427,2022-08-26,0.599,0.598,0.124,0.0502,5.01e-05,0.173,0.343,179.49,hip hop
Offset,Legacy (feat. Travis Scott & 21 Savage),"['atl hip hop', 'hip hop', 'pop rap', 'rap', 'southern hip hop', 'trap']",2698030,64,244.941,2019-02-22,0.844,0.513,0.335,0.178,0.0,0.0845,0.344,128.085,hip hop
Offset,100 Racks (Offset feat. Playboi Carti),"['atl hip hop', 'hip hop', 'pop rap', 'rap', 'southern hip hop', 'trap']",2698030,63,157.645,2019-08-16,0.939,0.632,0.137,0.0606,0.00136,0.101,0.364,133.979,hip hop
Quavo,HOTEL LOBBY (Unc & Phew),"['atl hip hop', 'melodic rap', 'rap', 'trap']",6472020,78,142.657,2022-10-07,0.825,0.649,0.169,0.117,0.0,0.232,0.143,127.978,hip hop
Quavo,Intentions,"['atl hip hop', 'melodic rap', 'rap', 'trap']",6472020,37,212.853,2020-08-07,0.814,0.551,0.0527,0.296,0.0,0.106,0.87,148.003,hip hop
Quavo,Greatness,"['atl hip hop', 'melodic rap', 'rap', 'trap']",6472020,76,185.0,2023-02-24,0.825,0.718,0.0518,0.0732,0.000157,0.142,0.919,139.983,hip hop
Quavo,Peso a Peso,"['atl hip hop', 'melodic rap', 'rap', 'trap']",6472020,76,217.954,2023-03-17,0.469,0.639,0.32,0.564,0.0,0.11,0.534,172.37,hip hop
Quavo,To The Bone (feat. YoungBoy Never Broke Again),"['atl hip hop', 'melodic rap', 'rap', 'trap']",6472020,73,283.196,2022-10-07,0.899,0.582,0.264,0.0395,0.0,0.1,0.505,149.973,hip hop
Quavo,Nothing Changed,"['atl hip hop', 'melodic rap', 'rap', 'trap']",6472020,64,199.111,2022-10-07,0.876,0.551,0.0992,0.233,0.0,0.185,0.685,134.946,hip hop
Quavo,HOTEL LOBBY (Unc & Phew) - A COLORS SHOW,"['atl hip hop', 'melodic rap', 'rap', 'trap']",6472020,70,165.58,2022-06-18,0.859,0.548,0.197,0.041,0.0,0.204,0.112,127.958,hip hop
Quavo,Honey Bun,"['atl hip hop', 'melodic rap', 'rap', 'trap']",6472020,68,134.666,2023-03-31,0.752,0.687,0.095,0.0171,0.0,0.127,0.266,151.974,hip hop
Quavo,No Brainer,"['atl hip hop', 'melodic rap', 'rap', 'trap']",6472020,65,260.0,2018-07-27,0.552,0.76,0.342,0.0733,0.0,0.0865,0.639,135.702,hip hop
Quavo,Messy,"['atl hip hop', 'melodic rap', 'rap', 'trap']",6472020,65,177.395,2022-10-07,0.832,0.574,0.341,0.0741,0.0,0.109,0.464,152.919,hip hop
The Notorious B.I.G.,Big Poppa - 2005 Remaster,"['east coast hip hop', 'gangster rap', 'hardcore hip hop', 'hip hop', 'rap']",8718394,81,252.746,1994-09-13,0.78,0.575,0.273,0.43,0.0,0.143,0.773,84.492,hip hop
The Notorious B.I.G.,Hypnotize - 2014 Remaster,"['east coast hip hop', 'gangster rap', 'hardcore hip hop', 'hip hop', 'rap']",8718394,81,229.826,1997-03-04,0.901,0.697,0.28,0.145,0.0,0.287,0.67,93.941,hip hop
The Notorious B.I.G.,Juicy - 2005 Remaster,"['east coast hip hop', 'gangster rap', 'hardcore hip hop', 'hip hop', 'rap']",8718394,76,302.76,1994-09-13,0.889,0.818,0.253,0.47,0.0,0.179,0.782,96.063,hip hop
The Notorious B.I.G.,Mo Money Mo Problems (feat. Puff Daddy & Mase) - 2014 Remaster,"['east coast hip hop', 'gangster rap', 'hardcore hip hop', 'hip hop', 'rap']",8718394,74,257.399,1997-03-04,0.845,0.884,0.0759,0.0128,2.1e-06,0.203,0.904,104.536,hip hop
The Notorious B.I.G.,Get Money (feat. Junior M.A.F.I.A.) - 2007 Remaster,"['east coast hip hop', 'gangster rap', 'hardcore hip hop', 'hip hop', 'rap']",8718394,68,274.44,2007-03-05,0.711,0.871,0.294,0.398,1.69e-06,0.171,0.912,91.153,hip hop
The Notorious B.I.G.,Notorious Thugs - 2014 Remaster,"['east coast hip hop', 'gangster rap', 'hardcore hip hop', 'hip hop', 'rap']",8718394,68,366.88,1997-03-04,0.704,0.873,0.144,0.121,5.12e-06,0.24,0.742,154.914,hip hop
The Notorious B.I.G.,"Nasty Girl (feat. Diddy, Nelly, Jagged Edge & Avery Storm) - 2005 Remaster","['east coast hip hop', 'gangster rap', 'hardcore hip hop', 'hip hop', 'rap']",8718394,68,286.186,2005-12-13,0.833,0.628,0.141,0.0949,1.6e-06,0.282,0.645,106.328,hip hop
The Notorious B.I.G.,Suicidal Thoughts - 2005 Remaster,"['east coast hip hop', 'gangster rap', 'hardcore hip hop', 'hip hop', 'rap']",8718394,68,170.213,1994-09-13,0.604,0.501,0.425,0.466,9.09e-06,0.091,0.0956,78.61,hip hop
The Notorious B.I.G.,One More Chance / Stay with Me - Remix; 2007 Remaster,"['east coast hip hop', 'gangster rap', 'hardcore hip hop', 'hip hop', 'rap']",8718394,61,268.706,2021-03-01,0.755,0.681,0.217,0.149,0.0,0.127,0.704,90.969,hip hop
The Notorious B.I.G.,Who Shot Ya? - 2005 Remaster,"['east coast hip hop', 'gangster rap', 'hardcore hip hop', 'hip hop', 'rap']",8718394,67,319.36,1994-09-13,0.831,0.682,0.238,0.256,0.0,0.494,0.6,91.771,hip hop
Machine Gun Kelly,my ex's best friend (with blackbear),"['ohio hip hop', 'pop rap']",5023311,76,139.46,2020-09-25,0.731,0.675,0.0434,0.00473,0.0,0.141,0.298,124.939,hip hop
Machine Gun Kelly,I Think I'm OKAY (with YUNGBLUD & Travis Barker),"['ohio hip hop', 'pop rap']",5023311,73,169.397,2019-07-05,0.628,0.744,0.0379,0.0257,0.0,0.313,0.277,119.921,hip hop
Machine Gun Kelly,maybe (feat. Bring Me The Horizon),"['ohio hip hop', 'pop rap']",5023311,73,170.133,2022-03-25,0.601,0.92,0.0505,0.000735,0.0,0.0998,0.537,88.014,hip hop
Machine Gun Kelly,"F*CK YOU, GOODBYE (feat. Machine Gun Kelly)","['ohio hip hop', 'pop rap']",5023311,73,144.86,2021-07-27,0.721,0.632,0.0358,0.0693,0.0,0.291,0.296,92.057,hip hop
Machine Gun Kelly,forget me too (feat. Halsey),"['ohio hip hop', 'pop rap']",5023311,72,171.62,2020-09-25,0.654,0.875,0.0744,0.000417,0.0086,0.194,0.522,99.975,hip hop
Machine Gun Kelly,"Home (with Machine Gun Kelly, X Ambassadors & Bebe Rexha)","['ohio hip hop', 'pop rap']",5023311,71,202.804,2017-11-18,0.653,0.718,0.213,0.00413,0.0,0.0537,0.216,82.034,hip hop
Machine Gun Kelly,Bad Things (with Camila Cabello),"['ohio hip hop', 'pop rap']",5023311,71,239.293,2017-05-12,0.697,0.691,0.146,0.214,0.0,0.185,0.305,137.853,hip hop
Machine Gun Kelly,bloody valentine,"['ohio hip hop', 'pop rap']",5023311,70,205.158,2020-09-25,0.533,0.858,0.0766,0.00021,0.0,0.148,0.506,160.057,hip hop
Machine Gun Kelly,make up sex (feat. blackbear),"['ohio hip hop', 'pop rap']",5023311,69,122.57,2022-03-25,0.665,0.678,0.0315,0.00156,0.0,0.474,0.682,131.986,hip hop
Machine Gun Kelly,drunk face,"['ohio hip hop', 'pop rap']",5023311,68,143.9,2020-09-25,0.691,0.77,0.0367,0.0282,0.0,0.497,0.344,90.024,hip hop
Migos,Slide (feat. Frank Ocean & Migos),"['atl hip hop', 'hip hop', 'pop rap', 'rap', 'trap']",13066643,72,230.813,2017-06-30,0.736,0.795,0.0545,0.498,1.21e-06,0.254,0.511,104.066,hip hop
Migos,Stir Fry,"['atl hip hop', 'hip hop', 'pop rap', 'rap', 'trap']",13066643,76,190.288,2018-01-26,0.817,0.816,0.269,0.00263,0.0,0.159,0.508,181.982,hip hop
Migos,Pure Water (with Migos),"['atl hip hop', 'hip hop', 'pop rap', 'rap', 'trap']",13066643,76,192.47,2019-06-28,0.682,0.559,0.127,0.174,0.0,0.344,0.137,202.015,hip hop
Migos,Walk It Talk It,"['atl hip hop', 'hip hop', 'pop rap', 'rap', 'trap']",13066643,75,276.147,2018-01-26,0.907,0.633,0.184,0.0876,2.6e-06,0.106,0.395,145.914,hip hop
Migos,Bad and Boujee (feat. Lil Uzi Vert),"['atl hip hop', 'hip hop', 'pop rap', 'rap', 'trap']",13066643,74,343.15,2017-01-27,0.926,0.666,0.244,0.0611,0.0,0.123,0.168,127.079,hip hop
Migos,I Get the Bag (feat. Migos),"['atl hip hop', 'hip hop', 'pop rap', 'rap', 'trap']",13066643,72,233.087,2017-10-13,0.89,0.633,0.168,0.0232,0.000343,0.0993,0.425,139.948,hip hop
Migos,Need It (feat. YoungBoy Never Broke Again),"['atl hip hop', 'hip hop', 'pop rap', 'rap', 'trap']",13066643,66,195.68,2021-06-11,0.852,0.747,0.169,0.0311,0.0,0.0789,0.898,148.005,hip hop
Migos,MotorSport,"['atl hip hop', 'hip hop', 'pop rap', 'rap', 'trap']",13066643,71,303.076,2018-01-26,0.904,0.518,0.183,0.0305,0.0,0.325,0.188,137.996,hip hop
Migos,Narcos,"['atl hip hop', 'hip hop', 'pop rap', 'rap', 'trap']",13066643,71,255.378,2018-01-26,0.936,0.585,0.125,0.0142,0.0,0.132,0.242,124.991,hip hop
Migos,Slippery (feat. Gucci Mane),"['atl hip hop', 'hip hop', 'pop rap', 'rap', 'trap']",13066643,69,304.041,2017-01-27,0.92,0.675,0.263,0.307,0.0,0.104,0.749,141.967,hip hop
Russ,3:15 (Breathe),"['hawaiian hip hop', 'rap']",4761762,78,184.0,2021-05-21,0.451,0.627,0.127,0.591,0.00958,0.118,0.77,74.69,hip hop
Russ,Losin Control,"['hawaiian hip hop', 'rap']",4761762,76,237.506,2017-05-05,0.759,0.245,0.138,0.515,0.000154,0.102,0.209,96.992,hip hop
Russ,NASTY,"['hawaiian hip hop', 'rap']",4761762,75,116.407,2023-03-17,0.838,0.297,0.056,0.0109,4.6e-06,0.109,0.395,83.524,hip hop
Russ,What They Want,"['hawaiian hip hop', 'rap']",4761762,74,165.853,2017-05-05,0.71,0.404,0.379,0.484,0.0,0.0953,0.398,139.553,hip hop
Russ,"Psycho, Pt. 2","['hawaiian hip hop', 'rap']",4761762,71,161.985,2016-11-08,0.766,0.548,0.235,0.775,5.57e-06,0.1,0.424,82.944,hip hop
Russ,Missin You Crazy,"['hawaiian hip hop', 'rap']",4761762,69,226.693,2018-09-07,0.716,0.729,0.117,0.0991,0.0,0.0842,0.276,131.975,hip hop
Russ,Cherry Hill,"['hawaiian hip hop', 'rap']",4761762,69,222.453,2017-05-05,0.681,0.469,0.0366,0.161,0.403,0.108,0.0373,130.022,hip hop
Russ,BEST ON EARTH (feat. BIA) - Bonus,"['hawaiian hip hop', 'rap']",4761762,68,160.72,2020-01-31,0.846,0.748,0.078,0.188,0.0,0.093,0.597,90.006,hip hop
Russ,HANDSOMER (Remix) (Feat. Ktlyn),"['hawaiian hip hop', 'rap']",4761762,68,143.414,2022-03-09,0.891,0.62,0.157,0.176,1.59e-06,0.103,0.535,82.035,hip hop
Russ,Are You Entertained (feat. Ed Sheeran),"['hawaiian hip hop', 'rap']",4761762,67,156.083,2022-07-22,0.587,0.61,0.234,0.0402,0.0,0.167,0.556,130.063,hip hop
